onet_code,xi,chi,norm_v_minus_global,gini_resid_abs,participation_resid_abs
11-1011.00,0.0432880374740697,0.428554446147045,9.722320756972513,0.504326010993462,0.5255409132448958
11-1011.03,0.7319711650522066,0.5689972886910015,5.390374842904403,0.457653316628404,0.5778054165400408
11-1021.00,6.009418790413957,0.2249623046912035,4.779131476203018,0.48994491634929127,0.5082987386104083
11-2011.00,6.186037763263066,0.3534879230816969,5.953873928050283,0.47041590493025276,0.5469324334785876
11-2021.00,0.5228602622859758,0.329644241090433,6.172489460553055,0.5229543459904273,0.48694230917241277
11-2022.00,5.913709870277248,0.2702259567642287,6.083008932003507,0.48726143542141953,0.5305524494635646
11-2033.00,6.22221580559785,0.4352335646664907,5.209587069916771,0.5609758728301266,0.41491553090805117
11-3012.00,5.92454583752824,0.3144911988944552,4.046537307580497,0.5192716814224645,0.4874218007714913
11-3013.00,5.98552485495477,0.161412467670889,3.9907491192053257,0.47816766451321735,0.5394410230470534
11-3013.01,0.5435556012825746,0.4130590289308359,4.391614907265175,0.5079465051795269,0.5119458444083924
11-3021.00,0.3670887892730913,0.3243190125393295,5.349385116931573,0.49885543274093047,0.5432152587277411
11-3031.00,0.051494081126868,0.2822642132868055,5.387026974670923,0.5620187155493244,0.41313533279526793
11-3031.01,6.148192677012326,0.3595297959650215,7.190674164037002,0.5189155409785335,0.4628970034290054
11-3031.03,0.5340934561205879,0.3991306703008781,5.25809398323559,0.45539327806577057,0.5000237931262278
11-3051.00,1.3134581371015273,0.1989424541118191,6.551541486132174,0.4323427560366224,0.6168373873378843
11-3051.01,1.4841349685704164,0.4914131197576318,5.453233555329871,0.34590942037479233,0.716929761417453
11-3051.02,1.8948787588329048,0.3841222058814747,6.092888134680623,0.44908301579377796,0.5676385652655705
11-3051.03,2.075153839565387,0.3588160067798626,5.0809097744481475,0.4229822602391651,0.6168341231594215
11-3051.04,2.180300758593517,0.3643382047763537,6.04384041866115,0.4343465598574523,0.5876369280889773
11-3051.06,1.8995174726333008,0.3619763582343961,6.012049683976134,0.45747077818028536,0.5860148812665615
11-3061.00,6.1840020285821184,0.1570309886772475,6.160200566162907,0.4936414200987136,0.49870215686603214
11-3071.04,1.392188541483666,0.2250395021546922,5.478917904349137,0.45777383314190345,0.5713311015758339
11-3111.00,0.0771132916733985,0.3880709943179223,5.75859659957832,0.5275587464293168,0.44873868012475154
11-3121.00,6.206172350305481,0.3682831964217108,6.693543326833792,0.460187966721731,0.5287586656980416
11-3131.00,0.2840099047546617,0.4198800825372232,6.66949977731394,0.49221007660156246,0.5219822866812177
11-9021.00,1.2297930293988537,0.2799142353404707,6.23301003270054,0.45664268319396406,0.5721926941239461
11-9031.00,6.194234097715824,0.5442641815596887,5.111678213548049,0.5384783272556091,0.4403754537080418
11-9032.00,6.114996342299024,0.5494181131424678,8.104863170112262,0.4150742047713243,0.6314302662989765
11-9033.00,6.00315216044644,0.5891736908121812,6.377896532685429,0.4084720716263315,0.6160463827787299
11-9041.00,0.937107716436116,0.4452235315242326,5.519542620725497,0.4615462908424415,0.591274571149606
11-9041.01,1.4881990235757905,0.5500656066314279,3.599558304889205,0.46980585921583673,0.5739370181748104
11-9051.00,5.430672624270965,0.1948816263706342,3.731323904039586,0.4303284853477227,0.6202417448247699
11-9071.00,5.220005326393096,0.2507890520677467,4.350761139845718,0.33578700483034085,0.7352857612452497
11-9072.00,5.398059145156708,0.2846282913798282,4.15738609828956,0.40288947612630355,0.6175689060834648
11-9081.00,5.370140969998184,0.3992321234350646,5.049282899928335,0.33223953798616335,0.7004766906190385
11-9111.00,0.1088630553768236,0.431270105092554,6.312973819153847,0.5444732589229773,0.4284626532810553
11-9121.00,0.7306028221630059,0.525811436126145,7.688161427847268,0.45140790553703325,0.5526849783744022
11-9121.01,0.3788404805495073,0.4717310291252983,4.746360906861003,0.4382968964861451,0.5861423754645142
11-9121.02,1.151171244999368,0.5199114364580348,4.804691631722691,0.4419606918121526,0.6200973286726312
11-9131.00,5.3358018701970575,0.3459666620832203,3.566830415902806,0.38397604217076675,0.6543256044482493
11-9141.00,6.016525751338974,0.1938837711119767,4.356268328379119,0.46581258323349206,0.5612193144333131
11-9151.00,0.0112148476474859,0.5411735940745532,5.645222338602427,0.4706441497483336,0.5589840345182143
11-9161.00,0.4692335569122504,0.477072923987171,6.704849344193937,0.39816438498387563,0.6407686755535922
11-9171.00,5.699652055368022,0.2931433281835096,3.7005499116497815,0.4579632962014395,0.5689882589432839
11-9179.01,0.0431598923943353,0.3642190630584683,3.7676536252627004,0.5062435841258939,0.5231100079390822
11-9179.02,5.664861962785134,0.271532654751934,4.918996201964765,0.4602401091225934,0.5216727181803652
11-9199.01,0.7266915245160508,0.4696403171220251,5.06364422952831,0.43339998054315165,0.5938371523015556
11-9199.02,0.6306113112430349,0.4635745946350272,4.071553792647767,0.5082846513208212,0.45876608010471853
11-9199.08,0.5701552177614592,0.2332781082841879,4.629779036959684,0.4588389090707803,0.5100894145459294
11-9199.09,1.932368764474121,0.1067965156246468,5.121282512113987,0.5272593532184691,0.4777897587418527
11-9199.10,1.3256365724106802,0.3393122816740593,4.387119030112393,0.44686689943086466,0.5633142152777519
11-9199.11,1.19484762989641,0.4708805552652025,5.516761325778411,0.4735305551529607,0.5068605660189713
13-1011.00,5.98481568121195,0.4061452098540085,5.080015374875914,0.4395447551663767,0.6102803201715439
13-1021.00,4.37583793939748,0.0722859425590822,3.363721931057442,0.3558807918101665,0.6992522903313384
13-1022.00,0.4109924160227859,0.1263459724852309,4.9367773455740265,0.45912086618439374,0.5478915294059391
13-1023.00,0.5520027690977645,0.1791582034742468,5.448259899787009,0.5904141810333747,0.39251823998700996
13-1031.00,0.5397846570230027,0.2613571453339793,3.5942912455023768,0.46036619433519466,0.5141076109004749
13-1032.00,2.33065603286353,0.2499894448419347,2.6314222557861635,0.41877536637332446,0.637199536698594
13-1041.01,1.1179818287056449,0.3506376126116227,4.581170577781863,0.44819767772957175,0.5888062130965375
13-1041.03,0.3068637901177291,0.4419888130379913,5.055656246365355,0.4789926651204319,0.5239514971032869
13-1041.04,1.1011102317235697,0.3719092536665355,3.5470063336666513,0.5079435573882776,0.5092783247643766
13-1041.06,6.156213180731713,0.2408408111110233,3.7493042864864776,0.5333583016617112,0.4465502778694653
13-1041.07,0.7931597056434818,0.4281748731570335,4.650440098638599,0.5044508224021105,0.5044031384852304
13-1041.08,4.916393472164938,0.1430164897648749,4.656688426055404,0.34049581312354693,0.736925638573147
13-1051.00,1.3240001377845996,0.2679865905714522,5.528515347658409,0.5548373043081107,0.4638383980554485
13-1071.00,6.173325090574515,0.3394120345538251,4.564254867554135,0.5121866686414607,0.4538268666657112
13-1074.00,4.753634777016684,0.2844640733885865,3.7688233953430963,0.4494218454969561,0.57258510162417
13-1075.00,0.1889818000686158,0.3247890598311123,5.790223709437401,0.5581311170133498,0.45313712612337204
13-1081.00,0.5238049791521895,0.2398170282377765,5.597670780599141,0.448374561491496,0.5686430243513864
13-1081.01,1.4398547868617817,0.3175010679424027,6.518415524267893,0.483943503449092,0.5571217106702975
13-1081.02,1.3539187282032958,0.135198412700818,4.563055208703624,0.5593369530943089,0.4221666570595007
13-1111.00,0.9452283159824152,0.3954005003060865,5.2744362156998275,0.43120680541485834,0.611826575449235
13-1121.00,6.1011413009493305,0.3580724907353939,4.055929143903428,0.4578541809675094,0.5632683987293721
13-1131.00,6.0286213205005135,0.4050077186106269,5.098518918385974,0.5122132480534891,0.4983578745976639
13-1141.00,0.2907728630487508,0.3971089606064563,4.7259590813493535,0.42358025001109834,0.6074820194401924
13-1151.00,0.0824971728011075,0.3769409172603343,5.665349395369896,0.5025137827921997,0.5014151162753002
13-1161.00,0.6830023646584095,0.4275656050272805,4.9013517906045765,0.4325993150418963,0.6005488651394745
13-1161.01,0.5293278767525879,0.304169990954577,4.628902140299082,0.48863362894324847,0.4494445516370265
13-1199.04,0.8110634968504219,0.4300545958267456,5.888575165912557,0.41328552779817684,0.557399752936358
13-1199.05,0.8417859622375393,0.5293495894076662,3.3620002912561135,0.4799661167448033,0.5107625602800493
13-1199.06,5.112857492262097,0.1439105460408159,4.2975862207928754,0.47482274988947415,0.5021238245494835
13-1199.07,1.2063885746747411,0.3871785918046034,4.337619087988668,0.49918773045057896,0.4529185817299402
13-2022.00,1.5728660933478893,0.1502626209516507,3.1352580794762335,0.4119448803189767,0.6216926071744734
13-2023.00,1.1189103939654526,0.2453937842554601,2.636217425357641,0.339130138840966,0.6945061750532846
13-2031.00,0.4266786894064343,0.3587692731109581,5.291732877497586,0.4011015802329261,0.6126456445007209
13-2041.00,0.6580261306930033,0.3066582110647664,4.592632030245827,0.4158688125555654,0.6348605804876633
13-2052.00,0.0898399126609547,0.4501431593370665,5.033483574260173,0.4635929035961577,0.5662584459659434
13-2053.00,0.8503122727209378,0.2781722116789119,4.2639004291338605,0.36903138180196904,0.6569957929590544
13-2061.00,0.6284778747563359,0.4341738360905043,5.396503186488219,0.45340690686469154,0.5495449964581441
13-2071.00,6.0865882297630325,0.4088559988590053,5.026934826396598,0.4679566954052128,0.5484647983268395
13-2072.00,6.114438597915364,0.2719890356671332,4.188168081746176,0.4423349988891856,0.5918819054249557
13-2081.00,6.221210202493147,0.2369129373023133,4.0782406306859205,0.37620439806854367,0.6677365038272343
13-2082.00,5.788776850082179,0.2092701794001317,4.677770694370594,0.35530898433223457,0.7174603331100503
13-2099.01,1.1046696851649505,0.5507251229516121,5.62587847369415,0.48613748506382515,0.5580201712811942
13-2099.04,0.6563389181294915,0.3650524516552589,4.728915481417275,0.563365308645349,0.3692467014305169
15-1211.00,1.062428753271154,0.3278357774878006,6.336035454054443,0.5668767863025099,0.43718848195598087
15-1211.01,0.5932649110266809,0.528663008398599,5.685749194986735,0.5123794325114701,0.5010680093530548
15-1212.00,0.7848864317626825,0.2927734563252427,3.245187597281504,0.4338755403906902,0.6153210240175065
15-1221.00,0.6656612660243861,0.3252277791497434,8.000333859169778,0.5199748114452944,0.4929092839730834
15-1231.00,1.5952365890863978,0.1735673418980226,5.073684480180046,0.5170700984239349,0.48236880479353755
15-1232.00,1.6549504641582633,0.1729617565755807,3.9405138755057214,0.4419812626529134,0.5816361940482335
15-1241.00,1.148774053199299,0.2806013649870387,6.366787572976538,0.5155643972489719,0.5073320645843173
15-1241.01,1.3921015985123648,0.2310772479256387,4.3696497974647395,0.4979282192257599,0.5091661615754483
15-1242.00,0.9789586432515978,0.2672713687879087,5.247158765997232,0.4665367039240407,0.5044069834025617
15-1243.00,0.9008376034859592,0.2828340902470112,5.1281717283097,0.4921705677825401,0.4306270972169405
15-1243.01,1.3207454831560597,0.2753841897983863,4.463817756723488,0.42568603575047104,0.5621540329612341
15-1244.00,1.2597141985401508,0.1348613427142011,7.751330854316302,0.5692396552930756,0.44300133105491313
15-1251.00,1.094201995607587,0.2345239179873533,5.907303975896735,0.4510862740934154,0.5042988086639945
15-1252.00,1.3096121022394662,0.4522667520977108,5.455988116085929,0.5606076549042205,0.4112837445988653
15-1253.00,1.37375055058217,0.4887001598756539,5.436600374769491,0.4701284949784561,0.567249415118105
15-1254.00,0.8945441107975675,0.2361776013975826,5.291509676831436,0.44764421834410983,0.5300273250178859
15-1255.01,0.7953480534571382,0.3178969690076014,5.374822765683201,0.5457308376353498,0.3870192600047226
15-1299.01,0.9791888517383124,0.3203560554033627,4.472600303569555,0.4921662369413098,0.5181479864757751
15-1299.03,0.714855444433118,0.3196608858235149,3.9890492972055425,0.4489310549269967,0.5576676398031918
15-1299.05,0.9608788154952153,0.4438152548427787,4.4210329181300825,0.5317135278193033,0.4994570215703111
15-1299.08,1.343506980824364,0.4266161594401031,6.253832533498115,0.5157790028841243,0.409143690360559
15-1299.09,0.5248482767131901,0.3776695555210021,5.749784065617664,0.5158751903834187,0.4634200829368638
15-2011.00,0.5250368897431925,0.384492629466713,6.573828446641859,0.5238832463167833,0.5054872741709794
15-2021.00,0.8339749191584377,0.3340271926133421,7.872378773467345,0.42052721014453587,0.6222472012144789
15-2031.00,0.966633156558256,0.4528019999749144,6.217805056203381,0.423041900856735,0.619573606837044
15-2041.00,1.0032591670145714,0.5002177722473157,6.513859392222157,0.4007195398335668,0.6552946107905797
15-2041.01,0.7771460093091981,0.5930814252354714,7.752386799153595,0.40591312337286944,0.5955078530868079
15-2051.01,0.8724737081914924,0.405218718292031,4.632485219288407,0.45362344767409457,0.5584919768699674
15-2051.02,0.868030111631089,0.3388509464992562,4.84486605096573,0.49164588969968626,0.47062858161026233
15-2099.01,0.9196315232459096,0.38306738665934,4.485275955871571,0.3938537256886947,0.6589861657418098
17-1011.00,1.3095227629917172,0.320629929235699,6.186877577491069,0.38211367825787756,0.6524999782220551
17-1012.00,1.0737768880708851,0.329320780037784,4.901452686839067,0.4436633431795325,0.5667047205583813
17-1021.00,1.5917282660867194,0.2606115995212885,2.642560915239691,0.35345410569148217,0.6971746444229012
17-1022.00,1.5308574747022945,0.3078978314620185,3.3380262250520323,0.386028683868336,0.6529634619601384
17-1022.01,1.4883651229065882,0.3573584716773765,4.665253150760856,0.4552064614733604,0.5816523772892453
17-2011.00,1.5436722834202328,0.5583795095793345,7.704561332132608,0.48546170526879284,0.5325875890590915
17-2021.00,1.361538093601098,0.3621965296045514,5.114302597706932,0.41348946692344546,0.610132836574449
17-2031.00,1.3558820423754316,0.4862846771334824,8.281139998296748,0.45048244713796937,0.6009955959339243
17-2041.00,1.9076398293921075,0.5207460695637438,8.151623701155488,0.4026239757037362,0.6473098356233284
17-2051.00,1.6035525968638358,0.4921848882565109,6.915147839967791,0.40439480011688866,0.6446655103151486
17-2051.01,1.4659828697278663,0.4072503461883239,6.430565461474283,0.4497011025201907,0.5913077717835044
17-2051.02,1.5200613438478066,0.5019473015815972,6.815416260639302,0.42787464836628875,0.6347587837192831
17-2061.00,1.7539038176354629,0.3748968346483845,5.85325267822311,0.4476762085623436,0.5918318689720358
17-2071.00,1.655539270620619,0.4334193762165559,5.227400773935808,0.4571790449398383,0.5134786132360827
17-2072.00,1.67270565957397,0.4867279619521855,6.972044074587894,0.5085808948718946,0.5176080029447218
17-2072.01,1.5518685329295363,0.341182976330826,5.1259079479620215,0.5439002121596275,0.44759394820723764
17-2081.00,0.9468732027311098,0.4670046704495404,5.194504691307819,0.37994780293426533,0.6437263931636646
17-2111.02,1.1959754531057096,0.4233218801041999,5.913525956532906,0.46037258975572803,0.5890577961315907
17-2112.00,1.8208656174162603,0.3371094465014329,4.085772295693416,0.45968206814785395,0.5356448563898186
17-2112.01,1.325007784823217,0.5008137656543059,6.245230248429636,0.4033999188639823,0.5637792801864641
17-2112.02,1.5200106212893314,0.5464024557267294,5.040300271214983,0.5608523042314704,0.4237891788518348
17-2112.03,1.926094110272866,0.4134268470547482,9.564150564830278,0.3115308185023218,0.7569045205505568
17-2121.00,1.9088901183945537,0.4282093008774029,6.6669068613082,0.3560644203005652,0.7178108369080454
17-2131.00,1.5021722395686654,0.4078513446586143,6.401987372196173,0.4959849356878081,0.5065309288895353
17-2141.00,1.8538302489942176,0.5225282653606597,7.648071053090541,0.4232750039641322,0.608216454717199
17-2141.01,1.7297718532499826,0.5252063042243367,6.492204783551769,0.4170904708957752,0.634345124367936
17-2141.02,1.6010004731175405,0.4694486299662366,7.089154582952963,0.4898266290835638,0.5382461861476576
17-2151.00,1.6904522248607043,0.4294477806129634,7.676898691597314,0.3438785427790534,0.717413325707499
17-2161.00,1.4685742760185323,0.5105620966758823,6.8797089279524934,0.4452557505495145,0.6016509556260167
17-2171.00,1.72923276965111,0.4053840922895906,5.28797345591665,0.3244593821210058,0.7303756147836312
17-2199.03,1.3894873135869177,0.4880542968583721,5.56609433041522,0.48331697372825055,0.5189249148041679
17-2199.05,2.0267813589080754,0.4719527841809252,6.019877112190723,0.48060079490628693,0.5400673720733259
17-2199.06,1.787813884096223,0.5335808556591499,5.811304742903973,0.35227582655566425,0.7157664239991562
17-2199.07,1.578257434147083,0.4226181588002128,8.001099807052483,0.44274756621643063,0.6014011869320366
17-2199.08,2.095868232356062,0.3275712721371361,9.942685773990831,0.358893482008658,0.687779570971743
17-2199.09,1.5127664178065594,0.4169020307389071,7.912611998975641,0.45969497719096597,0.5671829143617229
17-2199.10,1.974818883654363,0.5461684457662558,5.294295803416936,0.49361226258125646,0.5300577349436325
17-2199.11,1.650529785833319,0.4942816405648526,4.506930672921944,0.39282257335063253,0.6336919963787254
17-3012.00,2.236336977337472,0.3300899692507175,2.5071709345556106,0.5527629059229417,0.43579927122402373
17-3013.00,2.396148484772101,0.3362237465271034,4.006315735956647,0.5655074278068384,0.43887197428820135
17-3021.00,2.1703845833570306,0.6663863557014298,5.431368431867668,0.5259366666825191,0.47633453287044913
17-3022.00,1.5317517142652632,0.3958329512565542,3.0441611745785835,0.3656227621852306,0.6997388625427949
17-3024.00,2.442751846024659,0.5646596232990968,7.373169032704316,0.511252787822017,0.5127782870410128
17-3024.01,2.7066461953121466,0.4194585475323837,7.6955995288702415,0.44186206134057104,0.6040065115890428
17-3025.00,1.5588731194994812,0.3765158373072478,4.862337330781882,0.4699800867352266,0.5596779802229382
17-3026.00,2.0892098557018244,0.5018486731105022,4.9401173926965125,0.5258723029750028,0.4780506823631306
17-3026.01,1.944735287607553,0.4172655415788406,6.055704661099389,0.4313108884703971,0.5972884061111298
17-3027.00,2.193961889185132,0.5615216435819943,5.100934921617733,0.4714105617959179,0.5572975413023427
17-3027.01,2.0850590874700727,0.618359806481636,5.308505075879512,0.43413736646632084,0.562323400693085
17-3029.01,2.044067714483917,0.5824573592787442,4.350287549928422,0.419157546013881,0.6188414075188029
17-3029.08,2.507152613432312,0.4508695864259167,5.784470899692184,0.5194591811651563,0.43912591894182323
19-1011.00,0.8138729509901693,0.4146177281964888,4.923887077690794,0.5111490527654015,0.4552422380893553
19-1012.00,1.2882727482517005,0.3708020094651268,4.746748743607963,0.4794030487383232,0.5358743327019644
19-1013.00,1.0924847344560076,0.4957819163929958,6.255691873033902,0.4022706055795706,0.5657705183116428
19-1021.00,1.128975508531176,0.429268100886774,7.702115730946508,0.3963334550623794,0.6479236543411276
19-1022.00,1.1575040772205003,0.4039319241372547,6.012935500969241,0.5152615513403271,0.43693012844106843
19-1023.00,0.5501673696419419,0.4700420012983877,4.293377528861283,0.4892483072845728,0.43563119330195293
19-1029.01,0.8706274442826827,0.4135969226786506,5.482831534014881,0.42573147393377786,0.5556849273819529
19-1029.02,1.015905470440379,0.4205276361491634,7.5043185100375265,0.33232991141105916,0.7001924094629121
19-1029.03,0.8537302838839473,0.4553502093483507,5.34580879743422,0.45797487950182747,0.5040427789546145
19-1029.04,0.7236839866466813,0.4684527396319463,6.795665672067419,0.46832375850146124,0.4891671536893167
19-1031.00,0.9035882304217632,0.4659779455683766,3.2531424008251286,0.4536474421848018,0.5989937525956645
19-1031.02,0.6473076953281485,0.30946250025275,4.029830220692793,0.46767748676815835,0.5340374627887317
19-1031.03,6.052249204376099,0.3766337605366127,2.7867945906587095,0.45588169329759687,0.590058197247074
19-1032.00,0.8689406725326552,0.2488042082332703,4.7566629627870105,0.44276025963070764,0.5761857983144698
19-1041.00,0.5225661799556947,0.5864327264000075,7.624462395737147,0.37429088851633896,0.6163943283095074
19-1042.00,0.8496146994362412,0.4713410797868172,6.751755188276253,0.43702716898167293,0.5349611395938731
19-2011.00,0.4633275992792994,0.4141115131403424,6.645019899622487,0.49669777244116076,0.4590281086991852
19-2012.00,1.22810472036972,0.4752983933087569,9.348344313438478,0.4578093245316055,0.5755765972968334
19-2021.00,1.0133329776473845,0.384769553041447,5.851545222735077,0.5349656207629006,0.4158072334163212
19-2031.00,1.6683413495120971,0.5460358593012261,6.169404001248075,0.4547362239949686,0.5469367170843539
19-2032.00,1.5736118779977464,0.4250894741679786,5.361507088411762,0.4641388128237236,0.4860557404553451
19-2041.00,1.0542950679760053,0.623716766888985,5.683673251550266,0.42924761653330923,0.5397485116505558
19-2041.01,0.6771282988884415,0.6213864550734289,5.0273717248225385,0.5391275825522659,0.4153872976353222
19-2041.02,1.1189319953195354,0.5439415499824792,4.873206176771296,0.4899059326177424,0.524746734099843
19-2041.03,1.265176335265836,0.6174120166919871,5.997641920019501,0.5356137133485981,0.47732002239325383
19-2042.00,1.3506938900218284,0.5115371718760439,5.255002405938975,0.4667170649785395,0.5626113199517594
19-2043.00,1.1410992810823395,0.4830308936059596,5.444867570515953,0.5299097588619894,0.4640134388169866
19-2099.01,1.2370877403436729,0.4007760253452259,5.714107442351273,0.41546694785027727,0.6375004142328252
19-3011.00,0.580032420976745,0.524524060165914,5.740480775572372,0.35660884738998155,0.6929902086433907
19-3011.01,0.9270561047879076,0.64083335957933,5.989940803807785,0.5281094484269455,0.44013929249152295
19-3022.00,0.6848541104566,0.4395401793503081,5.735949412458118,0.48268022096175467,0.5365869344588416
19-3032.00,0.3968310575696911,0.4795296602138714,7.129897266052675,0.41909485071918406,0.6124294426688851
19-3033.00,0.2031359434429263,0.5221467755962187,5.579476685264759,0.5633336226929309,0.4615862474967721
19-3034.00,6.277963020912134,0.589135354906944,5.789375603327326,0.5264762509160743,0.4648760902231839
19-3039.02,0.2852906989502082,0.5202107854464764,6.170526826088786,0.3737623278383091,0.6608777605759995
19-3039.03,0.3218332585111266,0.4802850804820089,5.82881194514726,0.3859592745990119,0.6486462730080333
19-3041.00,0.4531100835269863,0.5724635040750629,6.030080155962736,0.40270988083359627,0.62613753495129
19-3051.00,0.8300519424053363,0.5568887211911813,5.706498209289153,0.3829085604815752,0.6671908209662458
19-3091.00,0.4686196354748743,0.4264746011771718,5.177183686545961,0.3806164801772709,0.667242726650788
19-3092.00,0.7642067367751031,0.3697509363569973,5.344507383309644,0.39671653415842645,0.6186701027231679
19-3093.00,0.1639077367173792,0.3927146045375067,5.175392929244467,0.3591259373341167,0.7135937337327379
19-3094.00,0.3835483073968098,0.5905063860283246,5.669536581348114,0.4255692357376488,0.6297617401443961
19-3099.01,0.9927919394228174,0.458955569316046,5.267217688408654,0.4227148381110817,0.5454089427469576
19-4012.00,1.7803225704159087,0.1617553154431858,3.202856632028824,0.4293559323725893,0.5609953846242347
19-4012.01,1.5318208055010225,0.3506268054925698,3.9114404875103976,0.4414701827717675,0.5900952695643411
19-4013.00,1.9011108844513411,0.3250528139946744,3.320718654462675,0.40802056249602225,0.6265546083267678
19-4021.00,1.7018919414495826,0.2156417864294967,4.149563408640021,0.4261031871872438,0.618552024322614
19-4031.00,1.7842622984144365,0.3498287985124232,5.210062625758805,0.44336198720925735,0.5812479802744588
19-4042.00,1.5034477993507072,0.4375867143525518,3.3469129609879267,0.4988966571528717,0.49108240798779057
19-4051.02,2.00202567771759,0.3154829569701335,3.5957527703863406,0.5073826468330505,0.47560922214459905
19-4061.00,0.4856360794651509,0.3311418940954537,4.142331245228265,0.38645727461955137,0.665375764161908
19-4071.00,0.7447357322342245,0.1626912383590358,2.651755070915918,0.4588457568106572,0.5843118790992775
19-4092.00,1.5137784942443102,0.2651779433130093,3.448758640934094,0.5059041590816074,0.48526675524379886
19-4099.01,1.5065691812048634,0.46737013734479,3.5577586542340796,0.3329044803110528,0.740249018104329
19-4099.03,1.5602297764154116,0.335115648673367,4.095747023499115,0.40264468780845863,0.5638294313789429
19-5011.00,1.2065741694859482,0.3717042369895171,4.051392931175618,0.4783617702754077,0.5472892053669886
19-5012.00,1.313215241750985,0.3403762037018598,2.8984168861427992,0.3988520063037193,0.6604966166821651
21-1011.00,6.24806534534648,0.5043792722959608,4.452420952306544,0.44425649826385194,0.5649417872096114
21-1012.00,5.926115011907728,0.6034747604439004,5.3411265641577454,0.5063588082346651,0.5194321378451012
21-1013.00,0.0121368675497294,0.5622140141962602,6.803709991512807,0.4401961257556286,0.6100351928232033
21-1014.00,6.271433229279202,0.4996863773860428,6.649152938282814,0.44263072602909403,0.5790117786536882
21-1015.00,0.0774601498761539,0.46980057361926,5.436913124036017,0.46340772995913904,0.5824964715690197
21-1021.00,6.175348604150893,0.5145064070323905,4.931210900683186,0.49717739814451223,0.5479901029314503
21-1022.00,0.05230805682885,0.5098561860804994,5.470414791013662,0.46304554220595073,0.5843585971359719
21-1023.00,6.262397122392789,0.5240263214801615,5.267088789674528,0.4340790325447763,0.6095787649259818
21-1091.00,0.1037697424376885,0.6062413216358226,4.546858204817474,0.48582032771308437,0.5455747553606918
21-1092.00,6.120976480381305,0.3553834922847684,3.7510433402772807,0.5300015850972704,0.48994205062713336
21-1093.00,6.05637660699731,0.4181791141224096,3.4628186064249746,0.4853030770976485,0.5541383280553831
21-1094.00,6.275573967599635,0.5497595362988216,3.7350406790453743,0.5287944466689305,0.4320457033891223
21-2011.00,5.738913691481301,0.4951489479413918,6.364987277496213,0.37233486915551683,0.6966154133718231
21-2021.00,6.010092296956891,0.5488029919670463,4.889182815233566,0.5232897517066517,0.4782244947037619
23-1011.00,0.0921260885418117,0.3850915918028009,6.734858318735469,0.43945385014090443,0.6088999039350931
23-1012.00,6.014854614946249,0.359851915368895,5.6538686285283255,0.47338078295100905,0.555491079301522
23-1021.00,0.2661132548725979,0.3465000042228904,6.049771315872321,0.38766967830676036,0.6759537466344618
23-1022.00,0.0650711527547365,0.3186721063794065,6.240201188958537,0.4125171476274674,0.6402487313671739
23-1023.00,5.909766936930342,0.337103302224663,6.975650160461008,0.4241484341904551,0.621603855690166
23-2011.00,6.064773561734509,0.3015632959181752,5.124761648047115,0.38956798421883376,0.6772608430631284
23-2093.00,0.7329065028577534,0.1204788612985485,4.8032463101096114,0.3218080458255119,0.7560704187363323
25-1011.00,5.8923823890737,0.5856282482662668,5.8068484969369445,0.35683562584665984,0.7121317665861179
25-1021.00,5.911966134908718,0.5449751339379635,5.801374665415094,0.48427462565555324,0.5156715508440859
25-1022.00,5.852219722216242,0.5750511804245356,5.8024971797536065,0.4524795856603254,0.5271644365992231
25-1031.00,5.92108899520546,0.5638474341829542,5.784716032812161,0.488270511108051,0.5535575990887259
25-1032.00,5.968738693394053,0.5298823451134806,5.641949507925248,0.4983821507192332,0.4922346514457517
25-1041.00,5.941856630181804,0.5618241227808165,5.51016620508029,0.44493833317677467,0.5452984165905875
25-1042.00,5.933103339099668,0.5186627879520512,5.472428630469436,0.4279395779998143,0.5186095528948259
25-1043.00,5.984623783450736,0.5662030182107882,5.263937130447483,0.49114737939094666,0.504714678606341
25-1051.00,5.955239108811932,0.5393309013782918,6.304295363944725,0.471042153306513,0.48947916433872735
25-1052.00,5.944003508432697,0.527228266277482,5.5398752228368915,0.45654716680383056,0.505043490878282
25-1053.00,5.969142056625407,0.5702340282100958,5.997035101871249,0.5062963341402995,0.39033154107769863
25-1054.00,5.908923026552506,0.5280658479678882,5.800590924209661,0.42961614507449153,0.5489889979750943
25-1061.00,6.004713877733327,0.5586778807441705,6.827339315687109,0.4469051631904781,0.5626740794624585
25-1062.00,5.920444797844599,0.5824479222699256,5.416569549544959,0.42563499399609395,0.6059747968207558
25-1063.00,5.916683199545707,0.5786751476753478,5.2237061428922305,0.4344012340868937,0.5965427642676734
25-1064.00,5.96477744175168,0.5462758068463008,5.811983883714452,0.5177204953614734,0.4810822555896545
25-1065.00,5.903663173856796,0.5882701133782564,5.638171316921196,0.42486239787448743,0.6371829035721739
25-1066.00,5.943077735704581,0.5641164340180069,6.782800987688525,0.4094200379107946,0.579126680459453
25-1067.00,5.926191646558987,0.5771073256380215,6.334965498867837,0.40145737241280544,0.5949382400525813
25-1071.00,5.883340002691258,0.5904192194469525,5.0360282321251475,0.5096600330726115,0.4802200281034683
25-1072.00,5.947113954972658,0.5810446918596154,5.180139855224164,0.4145951006971602,0.6190215163482321
25-1081.00,5.910364129173049,0.594262171956924,5.8637045198788105,0.3922600052084917,0.6756935638926523
25-1082.00,5.911209710624378,0.5822393224301137,5.442372476041436,0.38405734372743816,0.6885889448290139
25-1111.00,5.896528493337208,0.5890959885882595,5.538095664520945,0.41034972430654704,0.6473666793888978
25-1112.00,5.8692994864134285,0.58800989576215,6.265516425028459,0.3711454764366975,0.7047029726247662
25-1113.00,5.929883455337112,0.581079309446812,6.277418704685987,0.46465123522279494,0.5851298188985274
25-1121.00,5.832059258073668,0.5425164684969244,5.057456881100626,0.4403393525265702,0.5982427095616176
25-1122.00,5.883135178951345,0.5819217704670391,5.415861812329714,0.46222934382169667,0.5847018050534424
25-1123.00,5.865889047820697,0.564077378220911,6.042883967260789,0.49369720411973383,0.5374956879791751
25-1124.00,5.859282179447422,0.5974023376330038,5.372144614392898,0.43978898052278526,0.6144146583891159
25-1125.00,5.928095838270006,0.5847633333396328,5.596102812434344,0.3951575137920198,0.6715370086155341
25-1126.00,5.8689899254777655,0.5886999355617444,5.706326081458001,0.4131273076083328,0.6442287344771694
25-1192.00,5.926277208135334,0.5798079363572899,4.720809787234014,0.3780154518025618,0.6885352496400011
25-1193.00,5.914494199195162,0.5805347889003802,4.522979966872467,0.512387119025234,0.44419785288277946
25-1194.00,6.04308646094223,0.4054629491437036,2.8301234209829382,0.46179797675927126,0.5551493495553513
25-2011.00,5.739984357227568,0.5132541123940154,3.823339866552746,0.39215614296244006,0.6786595315817453
25-2012.00,5.784949003258184,0.5012116584394732,4.087590747911941,0.4755176732497701,0.5521958828948631
25-2021.00,5.757909261450223,0.5329168867693564,4.523023555760995,0.45064270801755657,0.5591045532572732
25-2022.00,5.765944238783927,0.538765411923729,4.623603249224805,0.47564738143923657,0.517580953097933
25-2023.00,5.766745044788627,0.5433738193268722,2.803967769475222,0.46901429834468034,0.5637072015755212
25-2031.00,5.79172175996194,0.5374944424208639,4.3954848120422,0.38799480400307496,0.6679082001703033
25-2032.00,5.783262858560279,0.5263267266322691,3.1603541278678686,0.4810182414676971,0.5648153867023649
25-2051.00,5.862214838327032,0.4540383675426687,4.088770770535694,0.48675400188909324,0.5137121491430285
25-2056.00,5.964718734460243,0.4649199159644549,3.664954162168743,0.44223680114609465,0.5846963298140012
25-2057.00,5.830810372798077,0.5072015708102238,5.369958487629283,0.5350994198674215,0.4767795959521022
25-2058.00,5.860918438426841,0.5186088834086378,4.65292079521192,0.5084135192481187,0.49338485421950223
25-2059.01,6.109883127050006,0.4126090807167229,3.9049118288647713,0.4635225110719985,0.5527776132412775
25-3011.00,5.86045338151133,0.5277754060515581,4.895302935786655,0.5415680690564542,0.4667567447277808
25-3021.00,5.875576911044647,0.4953407347515682,3.6603453338396914,0.40273080302439257,0.6681129360108726
25-3031.00,5.480580301118097,0.5257684143635885,4.662935659564681,0.43975844120020224,0.6000830876158612
25-3041.00,5.935022074877105,0.495376441070931,4.857129197887015,0.45841530500361616,0.5495018054279133
25-4011.00,6.008563313959922,0.301928209060227,3.3297852255980724,0.4363908576024609,0.618234071645783
25-4012.00,6.118394411478684,0.4348177040610203,5.499966240472145,0.4976455634951322,0.4201813435905616
25-4013.00,4.681259971903234,0.016486199554414,2.1536866605322866,0.44252074132008645,0.5991666400876384
25-4022.00,5.774632007685157,0.3437274147895418,4.082713621381599,0.39779618184613597,0.6507742238158883
25-4031.00,5.172100221359254,0.343059317313056,4.023009808265935,0.47452642548881063,0.5482551050978507
25-9021.00,0.1526077607805149,0.4010032765778244,5.332957629175326,0.4324245871336605,0.6041844268052236
25-9031.00,6.0835483160202815,0.5710605151770259,5.608672786239065,0.40795341527140794,0.6448383403359002
25-9042.00,5.494719668077533,0.4815853905551077,3.4032865248537765,0.4494970788935837,0.6016040386840915
25-9043.00,5.509078908913577,0.4802461973443068,4.6031625445675015,0.38434239727257546,0.6863889539032209
25-9044.00,5.644519848963385,0.4647761726549437,3.5046535856875654,0.31968023745672625,0.7481122343333304
27-1011.00,0.1820011889384758,0.1837201786498039,4.943352264163351,0.545982091773288,0.4449867119992127
27-1012.00,3.5240191463096937,0.1341939192145186,3.970899204391343,0.41419175102158556,0.6470255114249108
27-1013.00,5.209059347509852,0.0983128177304097,4.304206232129489,0.43377576869373335,0.6065162739558531
27-1014.00,2.3144113308496013,0.0247988849058478,3.2893916864421056,0.5720956500949237,0.40627952865000844
27-1021.00,1.50463158320825,0.3300994731668532,5.063349498621871,0.5510605068654331,0.4287904361273706
27-1022.00,1.39939816948501,0.0449945935876663,4.251621150205583,0.4336139476960179,0.574038494442217
27-1023.00,4.6157218764613575,0.3719687063950669,4.463023627450418,0.60291817325385,0.36796108641070885
27-1024.00,0.4251804767048106,0.034631154637203,3.8863942261964404,0.32786915046061305,0.7012986708765631
27-1025.00,1.0467051642752945,0.1793080896767041,4.257857422559327,0.40305469004367334,0.5617934141752223
27-1026.00,4.459459760557692,0.2186604311230837,3.4012556557622866,0.415384686265603,0.6186958371889827
27-1027.00,1.7179355183252558,0.0233980956700391,3.6969305977406415,0.4124288885220315,0.6027040577412578
27-2011.00,5.122717041603321,0.2287977803278502,5.900707435241179,0.5247222547220882,0.4898768594083779
27-2012.00,6.071598669958998,0.1423700162944265,5.057470821118988,0.5238588231212662,0.49446841575657074
27-2012.03,5.873963113491617,0.2381626601595345,4.959348682285169,0.483415429033317,0.5471397010767568
27-2012.04,5.534835947671985,0.241134405517981,4.361694299890295,0.3992714074274575,0.6318018214933484
27-2012.05,3.0293527335599046,0.0838094372703166,4.313977303200517,0.2402664002345387,0.8377355835010467
27-2021.00,6.040647137241384,0.2391378411621631,2.8828956256643306,0.28922005751735025,0.7901443225250102
27-2022.00,6.04222512480268,0.3606320631843754,5.683820977252766,0.38018875574728317,0.6938293706416278
27-2023.00,6.259596455131482,0.1607129332675586,4.466257185574969,0.30705659684771813,0.7714639333723412
27-2031.00,5.479273099295988,0.1992401838776465,6.253200834266253,0.282895095455427,0.7924601961752011
27-2032.00,5.813449511695222,0.2076707178257437,5.266734123479815,0.46742893453847434,0.5808199253818254
27-2041.00,5.86658987292504,0.0944322220200836,3.885031486180158,0.4242785672015805,0.630256779792965
27-2042.00,5.472523339838549,0.1989977722689181,3.8162373912386194,0.3842104963309019,0.6841108978097725
27-3011.00,5.558211258494691,0.2543175348706386,4.048696231480835,0.4620032002104,0.578731825893528
27-3031.00,6.2710998978844845,0.4621162640866856,5.1320850744364686,0.4549512666407878,0.5837658799730682
27-3041.00,5.969767289222943,0.2000043207488582,4.798943760908768,0.4844381989268325,0.5099241172798186
27-3042.00,1.0734381480031556,0.1198120056733406,5.37478339357804,0.40073182904424076,0.6380071821472322
27-3043.00,0.1900390522769169,0.3486608822904262,5.607149596383122,0.44465206712668626,0.6051541297683908
27-3043.05,6.052417750430905,0.2458149952479385,5.844719006389047,0.43245794807804194,0.6180172892699832
27-3091.00,0.1548390567076126,0.2215219329151614,4.433462649094034,0.4321275655541379,0.620367805583824
27-3092.00,5.133080515034269,0.2148703385186707,7.0165054635254025,0.43453686197028896,0.6231791464228463
27-4011.00,3.843196663130671,0.0889053621652639,4.152899603359271,0.24674423021693315,0.8240695715715526
27-4012.00,3.046009875978013,0.1651351798827433,4.866676394079763,0.34686109806931076,0.7141931177400271
27-4014.00,3.0383057482530043,0.1945353784682389,4.036229401400477,0.3655854735392703,0.7039883353519109
27-4021.00,3.449862633132294,0.1178372279555783,2.4197271894555072,0.3326432199533895,0.727438811213907
27-4031.00,3.141550516773479,0.1967375025317111,3.708784460855741,0.340011901630193,0.7336234563856556
27-4032.00,3.0798956076888437,0.1093313454359881,2.474257752413152,0.38278127939781514,0.6509179628769548
29-1011.00,0.1367218351861222,0.2782746532371201,3.9869303495502315,0.5346278359043721,0.37771435882116955
29-1021.00,5.5606003654875416,0.0524407634155847,5.515121163506349,0.36154638997458477,0.6841487622595144
29-1022.00,4.9140246329995145,0.1324987402841333,5.075552030916722,0.32711814812401907,0.7277973162722586
29-1023.00,6.131590763971901,0.1110353343577412,4.5519092781883534,0.5779830570556634,0.4297115009848985
29-1024.00,3.9924865388359785,0.0683108077939645,3.2730027298442517,0.31473735030999617,0.7232139851052988
29-1031.00,0.3134025924497729,0.4282555782204753,6.330550051445007,0.48501381348612327,0.5259909663547235
29-1041.00,0.0114902194268436,0.2097828480743261,4.413507243247327,0.5936492258377546,0.3672867329484703
29-1051.00,6.180296061332774,0.275812623250258,4.974044058463499,0.5083014254669398,0.44853016549789115
29-1071.00,0.0881991345617762,0.2818636713857794,5.257314998416469,0.4740292833522539,0.49444178538130584
29-1071.01,0.250080441557057,0.1235824394380656,3.7382424566307266,0.5090788945340026,0.4852268441296117
29-1081.00,5.192123066899784,0.1597693086112672,5.320717293633506,0.3234982799258552,0.7275643368029677
29-1122.00,6.262543285393475,0.3373610533949416,4.206389184029197,0.4686635576144027,0.5632554020774547
29-1122.01,6.235023111661424,0.3884301116530124,3.782843019672024,0.5653660379689822,0.42675492755297345
29-1123.00,0.228202695498829,0.3181696109049729,3.310229666636096,0.4551077125683356,0.5953791380539354
29-1124.00,5.816758248748575,0.0525341494046939,4.301843641355463,0.5731365723726203,0.43356312031446825
29-1125.00,0.0395191499627409,0.4710614228318798,3.9644528345425925,0.5003831077821754,0.5087981036555009
29-1126.00,0.2965759684835118,0.1229101011616137,3.8892649625982765,0.5326766463345398,0.47418819735714485
29-1127.00,0.1069894643843621,0.4382181975184752,5.20489995521793,0.49414358774002753,0.5041245917744651
29-1128.00,0.5957860001909677,0.2929144234981719,3.7058919029937964,0.44678287230492875,0.5976737827100022
29-1129.01,0.074645471947321,0.4315322415500066,4.61795413579646,0.49803189587464747,0.5369938622919457
29-1129.02,0.3094107520658489,0.4176996311227449,3.9751435485721407,0.44974883959308665,0.5420882246334184
29-1131.00,0.1976597540649229,0.2550429958291027,4.635948685877281,0.5351055450441511,0.42211808157551023
29-1141.00,0.1004882188156619,0.3329918539721487,3.848276623938503,0.49661362896449623,0.4887362172179803
29-1141.01,0.0786226912692694,0.34227406570587,4.674085801186925,0.5423134041602078,0.45289047030671364
29-1141.02,0.169366683509951,0.4519280597675216,5.381661211325544,0.5017504183212198,0.4863569214636277
29-1141.03,0.4234471348707064,0.271555934957323,4.211658019174763,0.5226199868215884,0.4623867003252793
29-1141.04,0.1701184103050311,0.5389456289248785,5.432953272937591,0.49760988383892535,0.50958887792108
29-1151.00,0.2284493288725316,0.1031430999281043,5.198675509377391,0.5932472803477344,0.4200530260626537
29-1161.00,6.229022864991756,0.4006378488492135,4.145466106312826,0.5207638191785959,0.4469905597705933
29-1171.00,0.0834959969634943,0.4551202479508598,5.388151913052642,0.4505317376423035,0.5419336454834027
29-1181.00,0.1549728961440712,0.3522797099985592,5.151532973016247,0.528624070022168,0.48362232698755897
29-1211.00,6.282286354901725,0.2212584085719257,5.413817443073376,0.5375242180630342,0.4421090039615707
29-1213.00,0.2294548602964587,0.2965705324273471,4.808360120852043,0.5086891098859867,0.4112394115990591
29-1214.00,0.195704812271081,0.3125455353618612,5.610396644998894,0.38458609389384835,0.6745955794583547
29-1215.00,0.0778141285860616,0.4300939219788117,5.576029722107213,0.41680416853733515,0.5604363086756833
29-1216.00,0.1493323034467844,0.3939957455393187,5.118471613007833,0.5380622284736121,0.40558776358396437
29-1217.00,0.2840402608892227,0.4373577655678421,6.292895888945911,0.4264729609423856,0.5874101003103754
29-1218.00,0.0954733814351888,0.3877450789938165,5.871677042268445,0.47321079920220543,0.4657753284983637
29-1221.00,0.0627860559219104,0.4581779477727477,5.832642214871213,0.5179709527920937,0.42650981204155464
29-1222.00,0.7680241604628214,0.4238476871164132,6.320981761016138,0.4396027060314107,0.6058827910373012
29-1223.00,0.1549334619370951,0.4885915304064832,7.06157842992342,0.3817775096046667,0.6360395109280993
29-1224.00,0.5232934941937828,0.3615307303925723,5.154451108678276,0.45613387831539254,0.5519238188430551
29-1229.01,0.220450367392218,0.4080123301572923,5.433470319873693,0.5203755930654366,0.4126083441585646
29-1229.02,6.03877224015323,0.4404958840072958,6.253885767143059,0.4142027334005314,0.6195784951883948
29-1229.03,0.2267444228357163,0.1840271819060462,5.0783871347179765,0.5450733813972903,0.44841413078648784
29-1229.04,0.5402695001281204,0.303711600234158,5.445170976258146,0.373907267644191,0.6337148222414412
29-1229.05,0.5311895995704654,0.5678369303658868,8.300272462490161,0.345896100400217,0.7116565548351187
29-1229.06,0.273396129640054,0.3635590172937036,5.084700481642842,0.44680801126735004,0.5619077390200757
29-1241.00,0.1725415850526838,0.3132638360908497,5.462710528928921,0.4537879212667586,0.5837651803284477
29-1291.00,0.0806880660084953,0.2273385976044765,3.6504966977986077,0.39315743449962315,0.6673430131243312
29-1292.00,5.717136156658347,0.0770398958440665,2.4737272679540494,0.33499567768303673,0.7317146427828938
29-1299.01,0.1394802592491123,0.3210113848730574,4.944986917750192,0.5278865700781219,0.47891561251198417
29-1299.02,0.4561645847794168,0.3348197412217752,5.025530009954915,0.4980226778309884,0.5109150289653712
29-2011.00,1.5023170918275777,0.3591581470494813,5.755227271534693,0.5197573947073697,0.5087242094442137
29-2011.01,1.2511483520261015,0.1653806316260279,3.1363632494037246,0.4674020662956786,0.5631012729653251
29-2011.02,1.285945152485701,0.2077579001789034,2.9489664904157964,0.3926864666667875,0.6532603862946595
29-2011.04,2.331214456695181,0.0794906113623001,3.0083709619179237,0.5019809021383348,0.43192909678110386
29-2012.00,1.7784846155365464,0.3884129768765028,3.7669652007962373,0.32979262440855095,0.7469171545082317
29-2012.01,3.363480777125064,0.2058481752767267,3.759139227957854,0.4262862210197613,0.5441809591306667
29-2031.00,1.730929964592952,0.1297034565132512,3.5436614064294547,0.4259728588188132,0.6010084983964908
29-2032.00,0.4175526746759958,0.0596759341533859,3.6948179483420085,0.3960035542178719,0.6379419928778717
29-2033.00,1.5442790221877305,0.178636071280817,3.4320830773712263,0.38120887384420254,0.6764277650555544
29-2034.00,2.8489971853004774,0.0161306000482343,2.6854748398712642,0.4211070720094099,0.6029717597807877
29-2035.00,1.7690322003941112,0.0944120905562526,3.3812836302237272,0.46131098265063875,0.5261916570103171
29-2036.00,1.503118032654405,0.1565557200873154,4.274898572306564,0.3685487340090625,0.6882935916199134
29-2051.00,0.1042700735218774,0.3529800786959569,2.7514919853044,0.40615197812735704,0.6562673471351002
29-2052.00,4.582796507956658,0.2873635158455013,3.0983019361887827,0.3382099755314467,0.7255688051990441
29-2053.00,5.786067380679453,0.3784518144825298,3.287391761208815,0.45433925865265135,0.5999455121355974
29-2055.00,3.9795309470771087,0.2712986446147074,3.572527762585287,0.28109320800163706,0.7952651183591879
29-2056.00,4.790326999725889,0.1427088733057311,2.828739255600248,0.37997295694116295,0.663854963776083
29-2057.00,2.2100278169309147,0.0508236325261482,3.6497817751534383,0.3473295029535657,0.7269421822334023
29-2061.00,5.058764592872087,0.1905167129422737,3.388777632119754,0.34135296661641523,0.700725308337921
29-2081.00,4.349077530550142,0.1698230412972297,1.7600398471754477,0.28063270634451554,0.8059366201260764
29-2091.00,1.630508891663729,0.0579089787251363,4.760537616253423,0.5332365520050859,0.4825963386222686
29-2092.00,0.2508924851791057,0.1341661816792186,3.0062992240403177,0.404332375813391,0.6474454351576381
29-2099.01,1.3747132264165691,0.2514670695065764,3.707714937617775,0.4668177163558349,0.552635268246809
29-2099.05,1.2308584984711164,0.103528731271935,2.753757497449902,0.4764312609004595,0.5409265250568881
29-2099.08,6.211415074401345,0.5733043920986706,4.5123478213072525,0.45691407664699457,0.5319095933350956
29-9091.00,5.994507199603037,0.2193442522506934,3.1586990112386166,0.45568222581682316,0.5618322703131657
29-9092.00,0.3325408093849978,0.5267750163201403,5.138466501373833,0.5020356417008653,0.4955729535214767
29-9093.00,3.929084023874794,0.232753336409295,2.7963626210297368,0.3553558657307667,0.6976805307678678
29-9099.01,0.0073591000879568,0.3262840287849968,4.081086487092134,0.4760763417440861,0.5251580875118225
31-1121.00,5.211584596228508,0.341144085690406,3.540263485728628,0.42660675352723265,0.6082085079617062
31-1122.00,5.566215462093154,0.3856309474224317,3.890229328355708,0.24757076358856,0.8371616863602999
31-1131.00,4.959392440904493,0.2328866852150191,4.413484430634601,0.4245212440694768,0.6315241066654882
31-1132.00,4.356936466197263,0.3060726809782104,6.627584874290428,0.29714315052765694,0.7877029998903694
31-1133.00,5.442298801279307,0.393791191337461,3.3281769982269456,0.42086367221606125,0.6360000625135463
31-2011.00,5.867035636521633,0.293127244137682,2.2860040016447987,0.4560284228769067,0.5767575865035841
31-2012.00,5.579122882193684,0.2889777864274842,2.5938654964225645,0.28099027424812273,0.80336877394104
31-2021.00,5.243087397748602,0.127599709920627,2.3293097688818616,0.407059866331978,0.6416837161257514
31-2022.00,4.537425852335527,0.2307665476751728,3.24529348215003,0.4546093965056104,0.59682150908955
31-9011.00,5.865377904750556,0.237139340491243,4.946145476027116,0.335516856610496,0.7255042963246704
31-9091.00,4.506094643593131,0.2340146981239244,2.3606609705943136,0.47729292521306554,0.5540941962494752
31-9092.00,5.0356458341385135,0.2572391168880428,2.1147576562667334,0.4130702808437481,0.5991850734969455
31-9093.00,3.3206244507918017,0.2330236295339938,4.752250150582744,0.4718814268924174,0.51961666417961
31-9094.00,5.944062422160559,0.211913968199386,5.9368729978478365,0.3613408097792863,0.7157303313321189
31-9095.00,4.517678948118852,0.4170498966186839,4.3767977434284075,0.4113265742056189,0.6290652365084896
31-9096.00,4.895229618140688,0.1741454223406031,2.580470536695282,0.4853832149188282,0.5046468007595968
31-9097.00,1.3334341829021903,0.0545776171599165,2.778364416084695,0.3958625563040499,0.6554970451378022
31-9099.01,6.268553096897525,0.2609727695199347,3.662237287409784,0.41504917789098617,0.6474269357563681
31-9099.02,3.302485376980417,0.0746696819826702,4.103052665370883,0.41482301612645167,0.6280118558158508
33-1011.00,5.635776065527407,0.2488529999316582,3.6425646099836104,0.45567249576998625,0.5835095304803593
33-1012.00,5.875745284968507,0.3292717824007959,4.282135767685754,0.42506417911877503,0.6284829482769236
33-1021.00,0.4974937362059881,0.0660364631158828,2.8641765765788687,0.434194381714758,0.6034947079146646
33-1091.00,5.779314000554585,0.1637624713190984,3.042226763491154,0.4941127095338331,0.5514130722019248
33-2011.00,3.4454849040622206,0.1068982947598956,3.752950176123501,0.3105154820351892,0.7697946521810262
33-2021.00,1.100718864459857,0.2482084237467347,2.011592132121816,0.3925374657102363,0.6657008719627758
33-2022.00,1.689979610107864,0.0335684393062439,2.064271769942843,0.42860361779678935,0.6003026406570124
33-3011.00,5.0642597662740885,0.3922699895578678,5.442468992787141,0.38168662225539873,0.6496786250943448
33-3012.00,5.195624609733253,0.2919025570354377,2.3176096572387825,0.4462999960931575,0.6002367013504086
33-3021.00,0.3102949639951508,0.199099657426895,2.6811130418011926,0.42169365668161385,0.6060724723946234
33-3021.02,0.441420350094098,0.1055232927788373,3.19735667296742,0.3634078511432741,0.6977654815305987
33-3021.06,0.9095027065114484,0.3677490257861568,4.663911923719218,0.4691833715410054,0.54150353437223
33-3031.00,0.2790353255960227,0.2448863943620351,3.0663490922712477,0.44922149242388243,0.5732130277724085
33-3041.00,4.545071777214222,0.2162613587331177,3.851736606751708,0.4816421153893815,0.5529484307087188
33-3051.00,5.903111436168631,0.2150775894009764,3.2864754180836573,0.42362111609487907,0.5651105933008965
33-3051.04,0.2830288516758523,0.1171656695298026,2.8360205748553735,0.3792005342616258,0.67082059404043
33-3052.00,0.3293608005042068,0.1270180925989579,2.869550565136938,0.40777233458171236,0.6316294881529761
33-9011.00,5.655813360176913,0.248384066235094,4.10398488935737,0.3032548199634135,0.7748787834109379
33-9021.00,0.6623308908559814,0.2627111469337741,3.3619292838575654,0.39723880069441786,0.6567691217358398
33-9031.00,0.805585441498137,0.2154920811993843,3.228895195208543,0.39443901686234173,0.6582648343251402
33-9032.00,4.586766371653868,0.1507286371080607,4.345217614557353,0.43731069323719285,0.6217873212965274
33-9091.00,5.113158439906757,0.2034351889568687,7.687077828953172,0.2744639807008893,0.8135262754946453
33-9092.00,5.842537507804879,0.1103564678026104,4.9826664641336915,0.38109036048241274,0.6918303525849281
33-9093.00,4.193890399919631,0.1192133434776953,2.6944023962201693,0.28095949199083026,0.8011117187019168
33-9099.02,0.6179749362031001,0.2360998048936476,2.4764806554395093,0.35515281160180834,0.6720191681223907
35-1011.00,5.643120258091473,0.0752793309733269,4.400804486337823,0.4773336255752991,0.5686682285628508
35-1012.00,5.141237872013504,0.1883954965899209,3.851385153226993,0.398341273723539,0.6486441199167816
35-2011.00,4.239471702632358,0.4037960258659255,6.1259169878852315,0.2808540872353875,0.7897061334198947
35-2012.00,4.461263964587485,0.2084710347866305,3.302796694312909,0.44491078550481067,0.584643876264118
35-2013.00,5.010053023166474,0.337776288543529,3.58813181502014,0.5426167371857962,0.46686797253961276
35-2014.00,4.246994159081347,0.2407633179210899,4.307847206313059,0.3643127792198355,0.6988020223777638
35-2015.00,4.360362733704395,0.5062983601472341,5.077575039511342,0.3837462283143871,0.6870224917500921
35-2021.00,4.300785164844014,0.4442796147257701,6.497544914962861,0.24384835673941607,0.8433092436638926
35-3011.00,4.61238095375224,0.4159129284582378,3.6701167720029564,0.43775551210649866,0.6094825294598651
35-3023.00,4.525088872822339,0.5141403711329995,6.407784679633627,0.32845419433230605,0.7540294797890307
35-3023.01,4.406239392925931,0.4128264774347699,4.377307104213971,0.4165438969034756,0.6132036937620206
35-3031.00,4.741102305080213,0.4865975781686811,5.829126668068942,0.2986799303049561,0.7749809920001122
35-3041.00,4.475132150519918,0.4178934932457244,5.623493243041532,0.31711635729712606,0.7616810328579271
35-9011.00,4.391810501849145,0.5869536979096984,6.452015255398928,0.31811228855854634,0.7519803268669177
35-9021.00,4.162871592340676,0.5369042641359889,7.459473510057158,0.26470650217117275,0.812698504467562
35-9031.00,5.042977610724176,0.5033045048558099,6.253441963527607,0.34396038204509716,0.7338936054100348
37-1011.00,5.411809011336032,0.1375097391889803,3.529501011968394,0.48654638280005,0.5528334639714876
37-1012.00,4.642035987227291,0.0174013638239737,3.5183363729355746,0.2691250919727377,0.8179829910671823
37-2011.00,3.827730122652505,0.4149676535069047,6.2349222184421444,0.3562217576115547,0.7039246229086111
37-2012.00,4.23829923557428,0.4748274413627054,6.494714019516813,0.30609091790037635,0.77729732499614
37-2021.00,3.0245185102902963,0.1259580770608387,2.7295051474957397,0.3694056833681396,0.7015376845649127
37-3011.00,3.974777596554689,0.3068907109981812,6.580464457256233,0.31969489820274277,0.7529532438658154
37-3012.00,3.4680984931514693,0.3639512329545032,4.038805721146662,0.4368357132969465,0.5830262531020768
37-3013.00,3.6957774077819376,0.3778681500601521,4.529781199174252,0.3858196780849026,0.6579901268653219
39-1013.00,4.622774044084638,0.2070811600915404,2.342625843900595,0.33710956966981187,0.7356808825068332
39-1022.00,5.795525698127262,0.2566016774455664,3.273743120983611,0.41171584723151833,0.63515896548248
39-2011.00,5.90156701069796,0.1610135548787589,2.940449919759859,0.38109424598678276,0.6901717528529973
39-2021.00,5.01862673346326,0.2339495358381901,4.794093146979329,0.34953256986085157,0.7158228633256957
39-3011.00,4.650421767116062,0.3123230736917528,5.730347355121015,0.4117643609101227,0.6389444389160343
39-3012.00,4.602014575635742,0.264703572303871,4.519297140239564,0.48567339880186533,0.5596478625172425
39-3021.00,3.4970080237394576,0.2807394141789517,5.665399433579709,0.4325347793655543,0.5794729829203387
39-3031.00,5.054011878746418,0.4134412270898139,6.090418363668539,0.3551715337803387,0.7136165775541302
39-3091.00,4.629070042856103,0.3345165375583099,5.448584542892637,0.3268473348428409,0.743162008537454
39-3092.00,4.503159059462975,0.225302151156088,4.556665366402,0.4616017009622282,0.5224650221839108
39-3093.00,4.712515883412708,0.3690114084947109,7.718426459210594,0.35182294086590127,0.6847511602499285
39-4011.00,4.385732994568919,0.3253527505215872,2.0710839632925464,0.40089995568486336,0.608014779772696
39-4021.00,4.74705089889534,0.4803516614870506,5.337015276649468,0.43911383246050817,0.6190214534189675
39-4031.00,5.077798604727104,0.3981359638870333,3.952441526725919,0.37697997246680903,0.6987909367744619
39-5011.00,4.58172174934564,0.3675036498050313,5.549177138560816,0.4845082838197854,0.5521121951747191
39-5012.00,4.459637971188156,0.3085546212490906,3.2108042179584775,0.4392723415712576,0.6087041293301011
39-5091.00,3.970427404679648,0.0826937669431047,3.885734225169905,0.4828175472675653,0.5267907318263609
39-5092.00,4.338442326399598,0.3316014347642018,5.927531450942641,0.37276988873594785,0.6737890889534746
39-5093.00,5.152885345982893,0.2658353035692578,6.616279600605978,0.3019620810690389,0.7797482474811999
39-5094.00,5.165706022379188,0.1757071509048512,3.6080100951617196,0.3931384528461892,0.6327591221972977
39-6011.00,4.771394920853203,0.4689059332876888,4.3636306944650185,0.3656005374107032,0.6999585654332551
39-6012.00,5.07851432215471,0.5012741564728741,5.06485235023733,0.46369130968195393,0.5585792211031895
39-7011.00,5.589661711926871,0.3760014764490649,6.012060387603577,0.2872945544491714,0.7949115999257563
39-7012.00,5.474614374039488,0.2996804118996448,3.3049342470827745,0.4565411256999612,0.5544479315952
39-9011.00,5.4529776412010165,0.4475187049295274,4.313055292760132,0.43901882787657276,0.5983482248326953
39-9011.01,5.587271933623566,0.4643145809340755,3.9509932074288345,0.41834077315600804,0.593112764029176
39-9031.00,5.842361022371781,0.3026612605462651,3.852487400401369,0.4239888115012984,0.6415581849980457
39-9032.00,5.85248721274598,0.37786405573806,3.4433333877877743,0.41568947896550945,0.641809330477261
39-9041.00,5.653521509693115,0.4764097188630065,3.0639297929577056,0.47627983336831625,0.5609599214424658
41-1011.00,5.364091186133807,0.2310480671631136,4.36331339891786,0.3946384990658751,0.6560312197952821
41-1012.00,5.73969941271101,0.2262920905008001,5.3457359533777336,0.48640813412527795,0.5424949125706061
41-2011.00,4.793286710863917,0.3862466015592362,5.815731057672077,0.2743863866556977,0.7994295567429647
41-2012.00,4.653960072655564,0.2935358567746577,4.4393274223650145,0.4154039612278231,0.6236422867965127
41-2021.00,4.704861848665616,0.3881532852487574,3.8186200311710596,0.4201681692838677,0.6334399468630827
41-2022.00,3.818522303826764,0.3029362552520586,3.3258808331083016,0.37742152489651537,0.675580056720043
41-2031.00,4.746849817376065,0.3604164479907359,4.091150980549353,0.5548700317647353,0.40600873122675774
41-3011.00,5.808205369695782,0.3068746735633672,4.003257721168648,0.453652959309804,0.5867050333683377
41-3021.00,6.108004625893725,0.3098010291227689,4.563499829784942,0.47056455012471576,0.563101271969721
41-3031.00,6.084172168008908,0.2432289253202232,4.3830575331401045,0.4134777854465932,0.6290118474980464
41-3041.00,5.20424269779514,0.3356801690277725,4.570828014424682,0.4064718253214745,0.6371586951054955
41-4011.00,0.3048302182144159,0.1529478111513962,4.146502100733852,0.41254323829247497,0.6243286194119386
41-4011.07,0.9849128571939244,0.1436763673789949,3.2565915198911104,0.38041629141879896,0.6568671768885346
41-4012.00,5.486633457141835,0.2466534490682615,4.548647243333251,0.5026344081975358,0.519257218116139
41-9011.00,5.318419459641471,0.2098958451514681,3.5338367244190363,0.44106655599586664,0.5988552540193578
41-9012.00,5.033961179309154,0.2507391695690128,9.17166334972971,0.3033092107618107,0.7768463010769573
41-9021.00,6.045241728117881,0.1788953340867968,4.240881246726793,0.43254686132137543,0.6110360119088818
41-9022.00,5.82446655486541,0.2725368143976017,3.811837089233046,0.467234757995878,0.5740482943509408
41-9031.00,0.3224094560906763,0.1584294860760277,5.2038030108925,0.48685677484471057,0.5098882270262648
41-9041.00,5.259221340240615,0.3545130715318761,7.355539352777014,0.3699605806261659,0.7011920063059233
41-9091.00,4.915646053657262,0.3635751471763864,5.390174152426424,0.4846799945928857,0.515845574888401
43-1011.00,6.10996321869771,0.2515435857689443,4.470236033511905,0.4982595503847487,0.509800156963944
43-2011.00,4.8174647457466255,0.3530335875868665,5.860049867960966,0.3169269007135038,0.7293284899481486
43-2021.00,4.890356699305514,0.3023456735551169,6.401360845450611,0.33659662919155453,0.7354957434604384
43-3011.00,5.406975462975286,0.3264307205015353,4.590512766763975,0.3864865145077756,0.6821426951878414
43-3021.00,4.026826114616224,0.1849339591158084,3.4772108634550927,0.4110222937100889,0.635391665363218
43-3031.00,4.54504009814841,0.1511778479405798,5.013361185625926,0.45542984718213164,0.5644547675181188
43-3041.00,4.861690438120126,0.2887351941925968,4.493208561747709,0.40558354121243734,0.6461489099585569
43-3051.00,5.274151694922505,0.2135095066619749,4.98911039124127,0.42161305181617603,0.638430289888504
43-3061.00,5.215295268060294,0.11938468912858,4.735390282674599,0.4012301244932319,0.6199780310898584
43-3071.00,4.573435652868056,0.2665875327567485,3.4798820365091325,0.3880567189128197,0.6818652687509141
43-4011.00,4.908201078108268,0.2750970792371245,4.6986004497293266,0.45212649348735257,0.5677283706520452
43-4021.00,5.4663485387448505,0.2296950261770786,4.953117417779026,0.3772892503998093,0.6872756445047699
43-4031.00,5.681347706105979,0.3045273266725986,3.570599279646119,0.4258919238739569,0.6309934974575121
43-4051.00,6.088721138398457,0.1381888294214262,4.7206476081100535,0.3796809895867068,0.6924549994287322
43-4061.00,6.038700799093784,0.3117310209007138,5.447096481742638,0.4373665456534286,0.6065011778775485
43-4071.00,4.482725099848927,0.198210781530517,4.504180967301006,0.48804882703311603,0.521769451114189
43-4081.00,4.925373585847716,0.4268922594083196,4.177131519975348,0.3727711690439488,0.6702316489747846
43-4111.00,6.1295452233216645,0.2700310585195086,4.4409356572615355,0.3727388982689548,0.6799056746512581
43-4121.00,4.988152172375825,0.3972343115616703,4.774471043878997,0.4414058114532704,0.6024367325019903
43-4131.00,5.409634650229951,0.2115227211063997,3.8867014010249945,0.44134658924266956,0.59298899218005
43-4141.00,5.091951902704687,0.3571654683049882,4.995620833027776,0.409033189070799,0.6495963362212552
43-4151.00,4.701598487552349,0.2259925312669029,3.9402976124951397,0.3771224552232424,0.6887433918510045
43-4161.00,5.8085729475482735,0.3235142317241951,4.147358292979088,0.3551461623555616,0.7108316900698212
43-4171.00,5.093655813332866,0.390413167193067,5.060504102069499,0.43173029488017556,0.6287473313306137
43-4181.00,5.121271906575881,0.321159829145909,3.8701445811668487,0.36951161853834646,0.6888679787871855
43-5011.00,4.09311773516914,0.3547721875193353,2.9372610456739334,0.3345945150147931,0.7357352199965054
43-5011.01,4.438888641993858,0.1105081016375385,3.0835024592604046,0.34528717894834005,0.7220162176255469
43-5021.00,4.441891219010132,0.4149322887684084,4.965169956910136,0.3264511508596766,0.7505724738706075
43-5031.00,5.789720986816615,0.1493534560231202,2.4517634282883614,0.40846963218843046,0.6438603914556139
43-5032.00,4.446448847548532,0.2114296468717783,3.357768735139384,0.3971536929393009,0.6679591555102686
43-5041.00,3.104791275773764,0.2179197070832658,3.673296073687303,0.4649411379967472,0.5679231610324779
43-5051.00,4.4507323505314496,0.3680199875078839,4.401877104192114,0.375192145947544,0.7006250445344377
43-5052.00,4.672915709305635,0.4134104714423481,6.953108705727831,0.3683616263663976,0.619420632501846
43-5053.00,3.959766512864269,0.4900788470520295,5.5191905574487325,0.4248342360806199,0.6228335492473247
43-5061.00,2.7156095551757105,0.0605729559864144,3.3357632669960804,0.5446540358860008,0.46676062523389217
43-5071.00,3.9142333730603713,0.2932216190184104,3.8174258389463103,0.47965200482474546,0.46459016762003247
43-5111.00,3.154293253417704,0.3392472245733555,2.5660315547909693,0.49099175414515095,0.5466122028088879
43-6011.00,5.565694783637274,0.3906700255461494,3.5129961693643836,0.4441642020321399,0.6121425129971806
43-6012.00,5.370757751121259,0.3227338250575012,4.757310828910687,0.3748876687611924,0.682040156911273
43-6013.00,5.278200455435994,0.3091805003436909,5.159365629927861,0.3972140485867095,0.6631914363108804
43-6014.00,5.176540806864316,0.3161095661876546,4.21283584082408,0.3954316645726743,0.6638724127697431
43-9021.00,3.559070999987999,0.1837702736553856,4.893882280114433,0.5700463907942093,0.4270262569942109
43-9022.00,4.244805834936635,0.2075704121872331,5.518643381656034,0.3135798006396271,0.7672623924246701
43-9031.00,3.5219030030561207,0.1539088428322041,3.224819775911173,0.24891124436763667,0.8179901340258418
43-9041.00,5.587803029648531,0.1443762852317255,4.210520768071407,0.33467869537882544,0.7443625205781336
43-9051.00,3.918283359925129,0.4757324978790291,4.880448109430014,0.44126176855286836,0.6212106641884251
43-9061.00,4.833970004448837,0.2918379813734284,4.309240184742053,0.4001982408074112,0.6523425876937181
43-9071.00,3.791168526348029,0.4063068619378789,4.169261111220005,0.46639646480907837,0.5395420489072843
43-9081.00,2.06173987190938,0.0306711617653763,7.276845573029135,0.2552753468038529,0.8318134648175892
43-9111.00,0.9403176471679416,0.2021228573440778,5.3554769776111275,0.3736001185579958,0.6839881043222394
45-1011.00,4.167976129773726,0.0412389389154681,4.186450422842296,0.22402866594414883,0.8528291704380508
45-2011.00,1.5499734599965538,0.3153301141024277,3.558008540447302,0.41891074936959694,0.6338124230636799
45-2021.00,4.487284936624251,0.1058616301804559,4.067863883347176,0.4664522657345138,0.5002347414369611
45-2041.00,3.357249232971921,0.3809174571983863,8.305212688637702,0.28691515717431204,0.7825469994045468
45-2091.00,3.434567515691083,0.5403480337530548,7.1024048151919486,0.36281930179497257,0.7096088939524212
45-2092.00,3.8640695394058255,0.1975534020955021,4.583293142135174,0.4915942689289068,0.517210023081324
45-2093.00,4.062428598678826,0.2359016184573757,4.589959348840667,0.4565599573539245,0.5550826993265201
45-3031.00,3.56969818134709,0.2541929061714903,4.802282054273097,0.4509858630613923,0.5903722372959367
45-4011.00,3.369476203207403,0.2481943727501055,3.875098257477252,0.45349111867642167,0.5758860856273494
45-4021.00,3.4117017911393184,0.4217817003356433,6.837677537973232,0.46263078692731807,0.5668492919925222
45-4022.00,3.377753493954348,0.5034515192464876,6.086805865106887,0.4680684485201325,0.5643144559977659
45-4023.00,3.083284390708338,0.28739945102967,2.7157109238157022,0.5470747860279275,0.4683526009600753
47-1011.00,2.849816621864476,0.1330941106328362,3.725897753259689,0.3083027659770492,0.7647128552123419
47-1011.03,1.7082520119908997,0.3287585702688362,4.577600428724384,0.3870352389009477,0.6598938777964263
47-2011.00,2.9683767571084734,0.6503281946939057,5.747757783233039,0.4567449609578309,0.5539910477092443
47-2021.00,3.372026788815824,0.4709856124055753,4.154889173608191,0.46706686507520057,0.5452067149610533
47-2022.00,3.538564863717422,0.5838879372908855,3.5170437199276154,0.3794684616514803,0.6615902514271306
47-2031.00,3.417825903930161,0.4213977316664716,3.765038630621081,0.329931220381668,0.7067356355147676
47-2041.00,3.778825059140436,0.4494108565455921,4.5474581940621865,0.40336818912863914,0.5977520802010052
47-2042.00,3.555958621236785,0.4881015456744636,4.720200440644873,0.48351458003260706,0.5055181512510977
47-2043.00,3.564828149298407,0.527496024804351,5.511065814702911,0.3577989048304424,0.7187898628013782
47-2044.00,3.654513289326447,0.4325610039773322,3.872211488622531,0.40011732040943815,0.588077511033756
47-2051.00,3.475214104823016,0.5225792367734919,5.431055321365866,0.4055279398405158,0.6636593333780582
47-2053.00,3.5456109355171144,0.5787125502544698,5.456561633942396,0.3427434181467204,0.69061216798217
47-2061.00,3.348319985335285,0.4844316749214282,5.422364780062709,0.3502475707007233,0.7003121666208698
47-2071.00,3.4854243123092705,0.6312057091773878,6.201915949781617,0.43290882195417746,0.6176366486751573
47-2072.00,3.318001862736014,0.6158172388086252,6.7368727791337335,0.32564747084934376,0.7545279683383092
47-2073.00,3.357563038540517,0.4755577785359526,5.596335763392815,0.5627947479894464,0.3885552774105255
47-2081.00,3.568264488560401,0.4292751206192237,4.887536861594024,0.36691622536720336,0.7008395875611533
47-2082.00,3.4886787444068497,0.4628777853594569,5.54354383987785,0.41337886525228096,0.6371346810567656
47-2111.00,2.886885330323133,0.4474482075063763,6.722120959586211,0.3652527847779419,0.6767795636875817
47-2121.00,3.459141570859124,0.5272813678467911,4.037730162481406,0.4950383767778541,0.5005441659329598
47-2131.00,3.380362532957133,0.5119487952624728,4.964788469421986,0.3639169256462924,0.6912539558663175
47-2132.00,3.1074019055715705,0.4049363283522955,4.269146654377649,0.5008392434926703,0.46212854839806533
47-2141.00,3.544584033614681,0.4213812134871531,5.101050112028124,0.4898773418146336,0.545304259640234
47-2142.00,3.624510453054949,0.4696717794789085,5.671025461526819,0.39663711927060996,0.5814232926336202
47-2151.00,3.205312359311667,0.5134175705812841,6.1003009888288275,0.5161769586186664,0.4167714174749643
47-2152.00,2.9342317156063538,0.4740835716242896,5.2181594551753845,0.49029580707958287,0.4152459999003435
47-2152.04,2.796486554938703,0.3910769600903968,6.088491005477634,0.504702818297251,0.401290277750435
47-2161.00,3.833807975434332,0.3865766587044162,4.543628715436208,0.4484295083198808,0.572904475782153
47-2171.00,3.4084680712604003,0.6197274443529018,5.172681388463927,0.39975867936681686,0.6422243798886559
47-2181.00,3.504640275785644,0.3132505426614205,4.356036179554315,0.5048999312114137,0.4958496167042671
47-2211.00,3.20043270339548,0.5206820014799206,5.202719254779696,0.5163314768540663,0.45924161723334056
47-2221.00,3.3741548953514,0.6351145932499556,3.6833066368047143,0.4017913153985566,0.6524318140808151
47-2231.00,2.2331092218428514,0.3779364739157766,5.263554295072496,0.38368518971322074,0.5725373420221403
47-3011.00,3.535172468417534,0.58552088119731,5.311215831818994,0.36409782319605344,0.7106214156255971
47-3012.00,3.571706719816616,0.5835539483476073,5.221522477540735,0.40491990908718645,0.6418036984751851
47-3013.00,3.333588750368504,0.5863000094560192,6.151319390250057,0.4155755154477807,0.5323070142538919
47-3014.00,3.74870095364888,0.5676765242762642,6.685571785882796,0.3984098590171514,0.6360469701088147
47-3015.00,3.35129240715483,0.5768899960114275,6.471904089334893,0.2979855558200257,0.7849304865957485
47-3016.00,3.681020399849548,0.42570357229587,5.353462693892451,0.3990176166539472,0.638746865091146
47-4011.00,1.7884647574584616,0.4178614629287113,2.9246859441392723,0.4966647762761025,0.5387920299779424
47-4011.01,1.6691781914212047,0.5091769413393681,3.366665910434779,0.43344237444293365,0.5923183343316507
47-4021.00,3.0240153573626727,0.45241388251853,7.0485712337158155,0.5261190329893071,0.4424646768989078
47-4031.00,3.6137481779729153,0.4586742899414155,4.864144083683628,0.4315043759724879,0.6255100490687723
47-4041.00,3.13716660573614,0.3172307057042746,3.5937971669053916,0.4715037434418048,0.5703492033211238
47-4051.00,3.52316435476747,0.4053737392215346,5.098081817069188,0.40849797252941245,0.6107046538858607
47-4061.00,3.364606336744819,0.6212860752353631,5.591991074889231,0.41470302826156,0.6220625351886029
47-4071.00,3.313098082936465,0.4382413424478084,4.796651469576769,0.45189100807999094,0.5716846263570224
47-4091.00,3.7153460373587928,0.3646503659168182,3.7152111985697323,0.3964461895221465,0.6324037504277538
47-4099.03,2.7559434196815205,0.2055784412854334,4.702841014978577,0.5228861301834331,0.4518085610252827
47-5011.00,3.4103496296631715,0.4835670781221073,5.949396396660934,0.3783422117499262,0.6717164670908224
47-5012.00,3.2134920933127407,0.4949411372501754,5.1723233756131455,0.3732984931365384,0.6943557786880247
47-5013.00,3.0213096012690674,0.4486961747104925,5.211715026845631,0.34893183999662813,0.7046934865656075
47-5022.00,3.3670169265039536,0.5450156399118062,5.258126756123623,0.44280937449328595,0.6007525241306777
47-5023.00,3.1152775698527178,0.4924778160634918,5.735937180912289,0.5079052884990349,0.5142375839562047
47-5032.00,3.2908208561743395,0.4220731912131145,3.5235466561595072,0.2953313726542741,0.7860774105340446
47-5041.00,3.2634079648105327,0.5424261066191769,5.825299717716745,0.4234322970037354,0.6313756237102488
47-5043.00,3.316503901853712,0.5193787475714806,5.488525756421968,0.40196808504090686,0.6529853615419605
47-5044.00,3.5236052218347385,0.5570823065095674,6.54383830503982,0.48275436369200486,0.5556272734631256
47-5051.00,3.4585474437410118,0.5501952667837108,5.8875772416312175,0.42574076640360525,0.5970940389529775
47-5071.00,3.3788725570232923,0.5924742883825362,6.136698149790392,0.345444422066006,0.7304877653491093
47-5081.00,3.3204837318057523,0.5533867649258887,5.74106547137037,0.48792453999745855,0.5226350096403535
49-1011.00,2.0449017568365395,0.1362519813270472,6.474140953338206,0.44369051007941085,0.5894624950724016
49-2011.00,2.91826050944302,0.4832358895034626,5.065223760534493,0.45318274930313573,0.5800579021506058
49-2021.00,2.923769232229722,0.4114234507747173,6.159540625665703,0.5261728079102101,0.3897667954847971
49-2022.00,2.843472636145609,0.3551505957302856,5.945199126643692,0.3897693019065578,0.6148528805339438
49-2091.00,2.678021796314831,0.5035721421650403,6.514406669066489,0.4605340050307818,0.559101224153172
49-2092.00,3.1077466787877936,0.6021361743216234,6.333616637984046,0.4611266141845112,0.5645763283713989
49-2093.00,2.895851233527545,0.4940330858328856,4.87816133715349,0.4907266591432389,0.4901968546688446
49-2094.00,2.4726659135801308,0.509378161344529,6.869723210105567,0.467573391529722,0.5734205605051579
49-2095.00,2.4454841238735887,0.4346222742218568,5.7192760775595275,0.5115754445707281,0.42707480489518274
49-2096.00,2.8622427519881555,0.3750074055902498,5.561588237730294,0.48300274943635446,0.4553420008419083
49-2097.00,2.922554803835899,0.3319015689495282,5.527081983493265,0.4326634304560977,0.5201852272698148
49-2098.00,2.723202184725456,0.2506971566270031,4.782811569056765,0.5580778661885499,0.345506000850565
49-3011.00,2.884408574918517,0.5096232345364703,7.864507302786462,0.4146956794819574,0.6101160985834941
49-3021.00,3.324035644892596,0.5408539016210215,4.961179129018196,0.4151346873859336,0.6212476589022368
49-3022.00,3.340223934785441,0.4787007180172648,4.92431158555829,0.5042511322760308,0.37126913142580814
49-3023.00,2.865153275244528,0.4268961375925637,6.2119885334143845,0.5058677696959832,0.4759631374920108
49-3031.00,2.9313149957486253,0.5467738933197757,5.775309530451957,0.5033469694878168,0.46673209801623655
49-3041.00,3.111288757319271,0.6105758668754548,6.5588392383337135,0.5176004650417054,0.4852898057562443
49-3042.00,2.955104014183469,0.6302735979218463,6.522844205397082,0.42622417515411826,0.5984261990932056
49-3043.00,3.0870139475233267,0.5460533880084104,6.075678965168515,0.5483702806699498,0.3846498133089433
49-3051.00,2.876396647913266,0.6206367596011558,6.341217982598085,0.45228094381503214,0.5880276485135995
49-3052.00,3.044594831278679,0.5633930379727603,5.355635244686081,0.5310461927692423,0.4476603496163681
49-3053.00,3.161695720775988,0.5486691567604919,5.890003804706245,0.5657099835411261,0.4015189964885359
49-3091.00,3.6814785144439535,0.4943441876495352,4.74430644883969,0.4016428077165912,0.6516090939889897
49-3092.00,2.916472643109962,0.4542351055478095,5.726681184899848,0.47223789276379535,0.5477460110185981
49-3093.00,3.5471047916694025,0.5344776543140327,5.5954179667512856,0.4105058784510629,0.6390345106885557
49-9011.00,3.538439178325852,0.543587192913913,5.1878540196987615,0.45073756477969207,0.5224447297710998
49-9012.00,2.9120151106694805,0.5620591938034881,5.4057963651153305,0.4488101566695166,0.566415863299683
49-9021.00,3.0095882452837803,0.4237366666124308,6.570431795295453,0.4446649245594352,0.5285628316044889
49-9031.00,3.036983551111448,0.4308058966942184,5.854613502304612,0.49665814361110994,0.4910788961336011
49-9041.00,2.900735879439153,0.5971906874854632,7.252604115732855,0.47426468816860456,0.5587156325934027
49-9043.00,3.231007121953567,0.7060799786381974,6.484807578464036,0.5062902674470304,0.4675712973647313
49-9044.00,3.2270817076747464,0.7523303311703772,6.380419698233367,0.3954837554599395,0.5931255476526692
49-9045.00,3.4579564077874845,0.6192052116753652,5.41397840146476,0.4439699101887089,0.599870608498715
49-9051.00,3.156897501473545,0.4333658901025046,5.189141188801168,0.4155008657923136,0.616057446729129
49-9052.00,3.14566337089628,0.4550064636397642,4.612550689448758,0.3993817255733614,0.6262581447759292
49-9061.00,2.771384017163172,0.5596230442891754,6.134049463029967,0.475097675481573,0.548237029183721
49-9062.00,2.586995892309094,0.4107024051221429,6.369260849707604,0.47299485670611974,0.5463034298707429
49-9063.00,3.241775571550189,0.4999972584908258,5.038328485824573,0.3867418941729657,0.6813154229978752
49-9064.00,3.16987911527371,0.46398702803818,5.467353383485433,0.4335461083642427,0.6243271825405766
49-9071.00,3.0348800996864824,0.5672453039920764,6.376115950517418,0.6018640093409826,0.37421171453245333
49-9081.00,2.48912493512478,0.5028923929205288,5.88035519043667,0.46895123396796734,0.5390629976502478
49-9091.00,3.3133087349755224,0.5370422929478941,5.502608198251365,0.49808027504598384,0.5448780542222348
49-9092.00,2.7499989476939724,0.3749029035564942,5.0873423423972435,0.3697596034444748,0.6850882976420408
49-9094.00,3.6448723286687015,0.480721429282923,5.4758585883485615,0.397839799631867,0.5625535505309188
49-9095.00,3.121569280422648,0.5209850314762703,5.268045778357558,0.3478359940728588,0.7258702978895001
49-9096.00,3.457517312592717,0.6518835507833514,5.623669506173921,0.42992129504552534,0.6034618921731989
49-9097.00,2.982346949951652,0.4643639562724857,6.711694325520662,0.5314182153441005,0.47127000195854063
49-9098.00,3.1928851419559177,0.6348811868823642,6.533887217964893,0.4184996460925894,0.6213706498184574
49-9099.01,2.3946232166126697,0.418207783883923,6.329417465870555,0.4929771398372156,0.49707525826545756
51-1011.00,2.316644019255727,0.0975587191892468,4.235352509376232,0.48700517119982933,0.553946951920497
51-2011.00,3.0806254666279123,0.6373065161185901,5.306818641194048,0.40498970096539577,0.5800768155867165
51-2021.00,3.248807073786782,0.6237196122851065,5.9042725304057315,0.44411976886695914,0.5877897132783703
51-2022.00,3.023447833318123,0.4681122582021408,4.0729295159912935,0.4628181389423418,0.5772462337641167
51-2023.00,3.157151018467737,0.6457127417727284,5.902097456553238,0.364904517748708,0.6904788639073103
51-2031.00,3.0965939613546887,0.664470976946433,5.224769218288431,0.38675821475357997,0.6712225753574279
51-2041.00,3.314698063948719,0.7177370040363494,5.55338604167604,0.4676583631916513,0.5658874984912364
51-2051.00,3.3291525167249287,0.5419371456828506,3.616186741674345,0.5428458947241603,0.46384449067004063
51-2061.00,3.0412039188235576,0.5412236384070404,5.523691565398908,0.38832250508718147,0.6528394978184859
51-2092.00,3.2775275686163554,0.3454329625466721,3.8872182275225318,0.40527250584225194,0.6575929457186198
51-3011.00,3.4804382746908686,0.3455229423341012,3.769277549836314,0.5408026137691302,0.4424193500077166
51-3021.00,4.08144033124396,0.3880380882133176,3.224807414475523,0.4520514288993718,0.5356640954144575
51-3022.00,3.68219867493684,0.4989877300298065,5.082237363504231,0.39112892208050853,0.6786493950792434
51-3023.00,3.8190246715560585,0.4560634390983634,7.663426420377991,0.18170015372155346,0.9054405185531791
51-3091.00,3.2134017949755034,0.5124452744843857,4.796673433406044,0.46715123933837166,0.5269649456841019
51-3092.00,3.014554059669288,0.4058326312864462,3.850667006014415,0.4905691142009809,0.5233296762011973
51-3093.00,3.2358859975936016,0.5185100284118199,4.532835650404396,0.5099456292226665,0.4753178867021304
51-4021.00,3.243189048531397,0.5775973457485527,5.478218513062181,0.3584680302024943,0.7024661051492989
51-4022.00,3.2708056508820698,0.6663747127509905,4.401234211798752,0.4221388343085051,0.5817669268106624
51-4023.00,3.265285045090062,0.640762785380354,5.667417782228083,0.4538512146647624,0.5904650557805141
51-4031.00,3.349005604618105,0.6916311567964545,5.661608948882734,0.4184390842535892,0.6464877867209053
51-4032.00,3.306937283745783,0.6685093487897463,4.8446247308751955,0.4274676972235816,0.6088596291472929
51-4033.00,3.275052233078879,0.6758319003425667,5.448341449111418,0.39873223373539024,0.6327396770971185
51-4034.00,3.258349891648331,0.6742340335096995,5.542639864230449,0.4927790950382036,0.5397633244939314
51-4035.00,3.205259809582036,0.6641956807898147,5.401963296971116,0.45497153270697543,0.5938178516260582
51-4041.00,2.85485392231244,0.5707050635346578,5.05605317899634,0.45959995351136596,0.5182942119397725
51-4051.00,3.0978834540627376,0.5592751415921758,5.000366723622066,0.4898247053620297,0.5488436154497741
51-4052.00,3.293304223970095,0.6494538559047447,5.054377695178038,0.418358356535135,0.6357029325614973
51-4061.00,2.8577563682249223,0.5554622717453677,6.38612353065919,0.42653092782012614,0.6125449911162092
51-4062.00,3.1671409650525013,0.5327038664212862,4.6728192081958015,0.4592543614312017,0.5676606747245931
51-4071.00,3.5041710389274723,0.695616240728035,5.859441493388482,0.2555248914204926,0.8315581517521812
51-4072.00,3.280948609316862,0.6770185841250673,5.919116183283448,0.40661747578293705,0.6426482844693164
51-4081.00,3.295956132446103,0.6993890266359785,5.164238069864041,0.40108637026260485,0.6542007904498419
51-4111.00,3.0399428884300512,0.6277261731918407,6.087880277839964,0.501452136959543,0.47789262945422695
51-4121.00,3.186192015779836,0.6198616377190169,5.592066597293495,0.39813834696699923,0.6663597409450137
51-4122.00,3.1799038415056486,0.6445263508536063,4.622268983926935,0.47082096521169015,0.5578553967938898
51-4191.00,3.1883976319858296,0.606368560135411,5.365189765550254,0.4466386742341766,0.6101302652512138
51-4192.00,3.2262609797679134,0.5916065556658253,4.147787750707719,0.42949295889903305,0.5821302059262169
51-4193.00,3.1542635076745653,0.5552922113184104,4.655129870723661,0.4883371043830753,0.5476226380314494
51-4194.00,3.230159538981057,0.6942168380363195,5.588700277127354,0.42073651559824765,0.6291827067236767
51-5111.00,2.993668509377941,0.2994918008656265,2.819335482756308,0.5187262829526038,0.4982863837381233
51-5112.00,3.369470434797757,0.3829213884951204,5.122467767272267,0.35327421546790094,0.7127279037008085
51-5113.00,3.596543422275197,0.5538415640218661,4.916286673903458,0.41860830860505827,0.6223969393387946
51-6011.00,3.5278766049123926,0.4946390772839183,5.232959344220966,0.37435995988030357,0.6898211134446623
51-6021.00,3.577073225789829,0.6201355638755092,7.746708063541051,0.2264709393185813,0.8425849153146107
51-6031.00,3.4849099159002117,0.6327469660035991,6.165969391136976,0.27726587735192054,0.8027831706439571
51-6041.00,3.575417579907496,0.5257453316693249,5.551389896709244,0.4339596386106499,0.6060649056137082
51-6042.00,3.4465571780675157,0.650624627713437,5.827425062620394,0.4690389165405098,0.5832937310897899
51-6051.00,3.6867278950588527,0.5379831944226834,5.809053490064756,0.3639579321618813,0.6396828105987847
51-6052.00,3.611890420382674,0.3949788788132513,4.2916774032246705,0.37179200535518264,0.6757733739505799
51-6061.00,3.1158732429019578,0.4931561711933305,4.923194158188995,0.35679351582286034,0.7156285966303757
51-6062.00,3.1544556589454467,0.516573955500472,6.137093662602377,0.43938302919374794,0.6172270324399312
51-6063.00,3.086045448713341,0.5387652738040571,6.446726257845901,0.3198738713347986,0.7570138742028937
51-6064.00,3.2651138682261243,0.6069542862090201,6.046130895522078,0.400045074193353,0.6508312149487615
51-6091.00,3.2835282234105425,0.6352432156801345,4.653231315542572,0.4079642813221682,0.5548031121390515
51-6092.00,3.111030282126808,0.3012924792367936,2.9863329062914112,0.39335499048872724,0.6025591434041583
51-6093.00,3.624525234971248,0.5008647378370373,3.2086039214420357,0.38068433580337957,0.6858381452700815
51-7011.00,3.307102348782502,0.5053086932426796,5.098967954833592,0.491671602832771,0.46583191727669226
51-7021.00,3.469410531362517,0.4156369371298246,4.021521962752756,0.43051194273983606,0.5853639945363655
51-7031.00,3.2614351940222512,0.4889593312936494,4.055335268024425,0.5638292261264546,0.3941654736593665
51-7032.00,3.3037777795014467,0.4544870359531803,4.856653908657125,0.5046642508306387,0.46450166835226464
51-7041.00,3.3637405755277343,0.6592945991846727,5.978860572788013,0.30818982394295547,0.7429102970112132
51-7042.00,3.290243028117704,0.6809908007631253,6.513583297287821,0.3476529595564084,0.7249247707739271
51-8011.00,2.331069774297026,0.2738394633318074,4.3102251884103575,0.5502820686810181,0.43312729135623373
51-8012.00,2.7223824182918417,0.327756369947518,2.6372555002199465,0.392210674992592,0.6164029808122613
51-8013.00,2.742613032711552,0.4175025024949873,5.011734720690053,0.5024253271804906,0.5204166579308763
51-8013.03,2.702313664109812,0.4811934762300877,4.411425752032497,0.4484735644426696,0.482165630990956
51-8013.04,2.723760806046455,0.5255705345764825,6.39290890183795,0.5536938432637419,0.4797267043783786
51-8021.00,2.79268838376352,0.4462426217259054,5.512721026047462,0.3928693536890775,0.6673551895486669
51-8031.00,2.9016526964195006,0.4320899177936936,5.119350172257864,0.41577666055088214,0.6186967062998471
51-8091.00,2.724346358577812,0.4377538930698554,4.985332695615091,0.528085546724866,0.4830086775162785
51-8092.00,2.73449937910697,0.4091482761197749,4.93161454702319,0.48603803782259436,0.4725136145438686
51-8093.00,2.8305513139690843,0.4077968142434043,4.697740763587174,0.40384884829792034,0.5709710146602033
51-8099.01,2.457915426824944,0.4730198329350702,5.041902024706879,0.4961174764512992,0.49081804120234046
51-9011.00,2.747647531391595,0.4425404507805553,4.450798698700726,0.5500579257957978,0.43917960692811636
51-9012.00,2.962092073224388,0.5377273899539363,4.267355445236736,0.5038183206156985,0.5094341007115519
51-9021.00,3.1303197090918298,0.5121077872140604,5.293902125743196,0.4153099053496683,0.6361160326788293
51-9022.00,3.321062947367485,0.67257956665172,5.3529544937931535,0.3747670362644997,0.6584823122906026
51-9023.00,3.218288642479143,0.5380485185312139,5.155442438132121,0.4836022297595639,0.5161475257534145
51-9031.00,3.529336052215029,0.5946245316580184,5.721281849722514,0.4444666542081599,0.5661529218604625
51-9032.00,3.3725500423699684,0.689320269043465,5.788518203921498,0.461256217605136,0.5767616989578388
51-9041.00,3.171536423402227,0.6130178404203178,5.790592456094174,0.37297143262551335,0.7005120837487101
51-9051.00,3.150670977361771,0.5554658471573072,5.035573040331257,0.41529885210991724,0.6346145123037947
51-9061.00,2.496589610614244,0.4981065403346151,3.3428681013340094,0.3875334942320454,0.6564965080432064
51-9071.00,3.208424880212276,0.4025110158176829,3.1269198114728076,0.4827059940413643,0.5499739053630103
51-9071.06,2.83758128598999,0.2763956328544929,4.075767986868214,0.38108527691434646,0.6903615072420973
51-9081.00,3.2429363311536394,0.3961857082711035,3.298070111375006,0.4544367000177747,0.5900789975641129
51-9082.00,3.168011451282942,0.4544347595983258,4.5865293442184125,0.33336195342124064,0.7318558323607844
51-9083.00,3.2941670081445227,0.4922604357269171,4.440383527049214,0.4432412570205255,0.5901152716730999
51-9111.00,3.3932077128277784,0.5846436522504924,5.464932100260378,0.4803814376898996,0.5419645325148131
51-9123.00,3.281909287832285,0.5326194204863806,5.430296387062559,0.4013069159314957,0.6249893902113854
51-9124.00,3.2972091301137967,0.4947558733639008,5.864480040092092,0.42437245750889896,0.6399443258207104
51-9141.00,3.02293360754757,0.5149319122291826,4.874004746427847,0.41195076101938866,0.641155494449464
51-9151.00,3.1494194228568757,0.3183611139441388,3.5593363307759485,0.43693017004138546,0.6174911607381327
51-9161.00,3.2167646188045964,0.5958387717210822,5.520916238982394,0.3402103922454467,0.7128237217270409
51-9162.00,2.961157945284802,0.4221098481206284,5.436078178099188,0.49919642506268525,0.4574648896312276
51-9191.00,3.248400188523277,0.6120239199371903,5.8098454211085615,0.42010422788543056,0.6168955273870882
51-9192.00,3.080381226301076,0.5928334129389337,5.48932415433724,0.3507916379856899,0.72343950089074
51-9193.00,3.205422433471896,0.624086017838642,4.952075765439399,0.32641053939351594,0.7496215651211329
51-9194.00,3.2181381416295816,0.520002074060829,4.759612280045096,0.4565954513515307,0.5579587801397666
51-9195.03,3.356035809324136,0.5351191872904526,4.583660883765111,0.4122964950952286,0.6294151427387853
51-9195.04,3.162584277063775,0.511465085533056,4.112870120501019,0.5369294685883959,0.44557503695178174
51-9195.05,3.6791244803238814,0.4558537646445497,4.510498327362475,0.432762904270392,0.5859976400344256
51-9196.00,3.331808480532065,0.7119160238036574,4.954676118021055,0.4650544677044621,0.5530332190177853
51-9197.00,3.501269023371886,0.6319147966896906,6.417718403914038,0.2685460983702703,0.8129695410358446
51-9198.00,3.3792285630138155,0.5662343667313923,6.364250323257643,0.1984050605243577,0.8899076787340633
53-1041.00,4.009291575485462,0.2955627055480616,2.8619033186554397,0.379565539981608,0.674999303663211
53-1042.00,5.659922643675351,0.0951483296852682,2.620260414008822,0.446116327852188,0.6042285680220554
53-1042.01,6.154827084174883,0.0640915785608556,3.1546211089596987,0.4051894378100056,0.639363872731594
53-1043.00,2.522462347781092,0.0658608755334007,3.1788949082467735,0.29305789988802555,0.7820683929234005
53-2011.00,3.655371569867292,0.0554117978754344,6.13609970051954,0.2933660318031175,0.783669867888661
53-2012.00,2.6510573842396243,0.05053301888309,5.325627338695538,0.3497096552285177,0.7038108433970945
53-2021.00,5.76358859850981,0.0850016646402601,3.6486540332749766,0.5218436629166832,0.5041164814225245
53-2022.00,5.665598351067623,0.0928995875517027,3.144151375466173,0.5163378114628281,0.45015509254105507
53-2031.00,4.814956185632784,0.2334835913723534,3.0574890973270987,0.4410175321073164,0.6198215644146452
53-3011.00,4.48252829065485,0.2578167133049706,3.245497415726976,0.4834298943955855,0.5359372676043392
53-3031.00,4.514277794359566,0.361420690700711,4.004568568625187,0.4120407204979697,0.6306785949022986
53-3032.00,3.5926306658876754,0.3574451841717878,5.376899076652069,0.3902269351213712,0.669702834233257
53-3033.00,3.8316930178360993,0.3255381512068576,5.122918306207276,0.3495169436085115,0.7223591819631926
53-3051.00,5.026787010720739,0.2447904386529652,4.646940398802583,0.39161995143808115,0.651907453739354
53-3052.00,4.471384091391655,0.2851159887582853,5.769938842828228,0.3446913141132735,0.703043893834502
53-3053.00,4.291690275260478,0.2079696896890336,4.196736522471242,0.4749718602023061,0.5603597097751951
53-4011.00,2.927168077876059,0.2645194101477032,4.323022959386306,0.48018315253043986,0.5473335415724858
53-4013.00,3.5039069125469617,0.4013663334141345,5.1109617725890235,0.3470934597512578,0.7217275693856187
53-4031.00,3.552427937141585,0.253503462067471,3.5115720430501605,0.37717036379842295,0.6686093176224948
53-4041.00,4.511027943657121,0.1709967712497547,4.658644174905765,0.5299425574073857,0.4423140252753098
53-5011.00,3.478653207317652,0.420722035899727,4.869918442797537,0.24113208644718864,0.8452067296324958
53-5021.00,3.612367660510035,0.1850796996471881,5.157725849211758,0.24622739060720455,0.8350151183342431
53-5022.00,3.875192314028448,0.2905081539381238,4.91795751253307,0.36859174277393647,0.6672880292026433
53-5031.00,2.961637571526429,0.3886830890534181,6.492948510096284,0.396251763254023,0.6574264137020616
53-6011.00,3.473723668483906,0.2863582985533034,4.808153803397992,0.45588821312096317,0.5897898101903317
53-6021.00,4.427043964244136,0.4126520630516991,5.465984453831018,0.29586518156200925,0.7693588390933437
53-6031.00,3.831337895654452,0.3603314745358096,5.127987473230055,0.4755400083427981,0.5219580787457826
53-6041.00,2.0224513907891044,0.1830438487986767,3.044905366656144,0.4201547943194617,0.6308521779717672
53-6051.01,2.0077448496780117,0.4068336804180113,5.229351470424492,0.4337912596985538,0.6291477941405978
53-6051.07,2.052489837904246,0.4421530895297361,5.311936460956579,0.296717670181484,0.7870512166571237
53-6061.00,4.672885638289623,0.2944118616318924,4.638289679615544,0.393063698858956,0.6726568569898117
53-7011.00,3.32808040590835,0.5438030232243191,4.624440389893875,0.43375879185183797,0.5907432631360696
53-7021.00,3.374551271950058,0.5345909593160804,5.42769517270371,0.45029894038035256,0.5914746754296094
53-7031.00,3.34072748070434,0.6291830619503742,5.214396375180452,0.4221755520432475,0.6269166220233158
53-7041.00,3.501813739791245,0.6940044419614506,5.145988413868876,0.4101872960148225,0.6438165413996816
53-7051.00,3.553352192814266,0.6484807570902295,5.75306551456684,0.3684196286209336,0.7053695167578142
53-7061.00,3.459948454467785,0.5420865758951907,7.769436495184927,0.3599468541737765,0.7175349033570294
53-7062.00,3.6880193394566776,0.5521289290655195,5.84943859147178,0.2963581377917597,0.7861484579631914
53-7062.04,3.4877561815268865,0.5109715846418963,5.328490316811703,0.412184985491189,0.6486616588672354
53-7063.00,3.27081313319557,0.6186776828678227,5.5281779480563555,0.34377873940601456,0.718409452005092
53-7064.00,3.471481183589022,0.5508831144918137,7.767755042209031,0.2554952239672066,0.8238139748812489
53-7065.00,4.124346380278373,0.403295863973908,4.18765358423422,0.42247461763035865,0.6283489913548007
53-7071.00,3.0986541445079427,0.4122499465894724,5.300755281152047,0.5754869565456942,0.4178028501518806
53-7072.00,3.0815374494637373,0.4588735285123837,4.362549769508172,0.42968765815013854,0.5766149832732328
53-7073.00,3.0982753882185143,0.4736889539875402,6.993663480188601,0.37110240690986673,0.7006341610956848
53-7081.00,3.6579984192894974,0.3672869718198563,7.428355553670994,0.41600435155018345,0.6164738604766056
53-7121.00,3.295457758696182,0.5040579686233991,4.251902770019028,0.4540127390838038,0.5539157213064915
